postID,name,tag
5b01690867f356b38bdc57c5,miku2221111111111,初音未来x神无月222|VOCALOID 22223333|初音未来x神无月222|VOCALOID 22223333|VOCALOID 22223333|VOCALOID 22223333
5b01691e9f54540044d66375,21321312312,战舰少女R
5b01690a2f301e00624f7a7a,miku,初音未来x神无月222
5b01691ca22b9d0044b58b0a,魔理沙,东方|魔理沙
5b0169189f54540044d66335,斯卡哈,FGO|斯卡哈
5b01690efb4ffe005d666278,人生は短いん,FGO
5b01691f9f5454006f4702d0,FAL,少女前线
5b016920a22b9d0044b58b3a,三周年,战舰少女R
5b01692317d009726f24d719,33娘,33娘|Bilibili
5b01690b67f356b38bdc57f0,miku 梅雨,初音未来x神无月222|VOCALOID 22223333|初音未来x神无月222|VOCALOID 22223333|VOCALOID 22223333
5b01690967f356b38bdc57d4,,初音未来x神无月222|VOCALOID 22223333|初音未来x神无月222|VOCALOID 22223333|VOCALOID 22223333|VOCALOID 22223333
5b016937a22b9d0044b58bf6,TO下一个十年,
5b0169279f54540044d663da,艾米莉亚裸围~,艾米莉亚|E.M.T
5b01692d67f356b38bdc5919,Aaaaa�� 蝴蝶结萝莉,蝴蝶结|蝴蝶结|蝴蝶结
5b01692ffb4ffe005d6663d3,战场恶魔,刀剑乱舞|萤丸
5b01692c9f54540044d663fd,初音未来 10.th,VOCALOID 22223333|VOCALOID 22223333
5b01693b9f5454006f4703b5,梦梦奈,梦梦奈
5b0169387f6fd3188a64fce2,梦梦奈~,梦梦奈
5b01693c44d9041d3f20fdf0,Bilibili2233,Bilibili
5b016933a22b9d0044b58bd9,星之乐章,雪未来|雪未来
5b01693dac502e5deddb9f24,灵梦新年,博丽灵梦|东方PROJECT
5b016947fb4ffe005d66647f,magic miku 2017,
5b016946a22b9d0044b58c71,承·悠久の诗 MIKU与深渊基督,
5b0169489f5454006f47041f,刀剑神域：序列之争，尤娜,刀剑神域
5b01694aac502e5deddb9f9e,万圣节miku,
5b01694f17d009726f24d875,幻醒十代目,幻醒
5b01694efe88c29ab13e60d6,涂鸦,奶茶|涂鸦|渣画
5b01694c44d9041d3f20fe54,赛车音,
5b01695167f356b38bdc5a1f,渣渣受,渣|受|喜欢狐狸|但狐狸喜欢芝士|芝士喜欢果子
5b01694d2f301e00624f7ce6,万圣节miku,
5b016953fe88c29ab13e60f1,泡泡糖,
5b016957a22b9d0044b58ce6,中二,中二
5b0169547f6fd3188a64fdcc,提鞋,
5b01695667f356b38bdc5a46,中秋初音,
5b016966a22b9d0044b58d41,玉藻の前,fate|玉藻前|fgo
5b016979fe88c29ab13e6212,邦克山,钢铁少女|邦克山
5b01697d67f356b38bdc5b6b,芙兰,东方
5b01697f17d009726f24d9c0,NAPLES,lovelive
5b016983fb4ffe005d666602,芙兰495,东方
5b01697b2f301e00624f7e0c,miku-旅行,VOCALOID 22223333|VOCALOID 22223333|VOCALOID 22223333|VOCALOID 22223333
5b0169679f54543b31b32cde,Gravity,VOCALOID 22223333|VOCALOID 22223333|VOCALOID 22223333|VOCALOID 22223333
5b01698844d9041d3f20fff5,机动战姬壁纸,机动战姬
5b01699ca22b9d0044b58eb6,毗湿奴,
5b0169997f6fd3188a64ffa0,星尘,VOCALOID 22223333|星尘
5b0169a6fe88c29ab13e638a,罪の名前,
5b01699e9f54543b31b32e6d,尤瑞艾莉,FGO|尤瑞艾莉
5b0169a7ac502e5deddba28c,曜,渡_曜
5b0169a044d9041d3f210096,夕_け,VOCALOID 22223333|VOCALOID 22223333
5b0169ac2f301e00624f7f7a,白羽衣_,希德尼亚的骑士
5b0169a27f6fd3188a64ffdb,miku-39,VOCALOID 22223333|VOCALOID 22223333|VOCALOID 22223333|VOCALOID 22223333
5b0169b0a22b9d0044b58f36,EVA,EVA|明日香
5b0169b22f301e00624f7fa6,酒吞童子,FGO|酒吞童子
5b0169b9ac502e5deddba316,姬子,崩坏学园|姬子
5b0169be44d9041d3f2101c5,33花嫁,33娘|Bilibili
5b0169c6fb4ffe005d6667ee,冻住！不许走！,守望先锋|周美灵
5b0169bf67f356b38bdc5d31,七夕,lovelive
5b0169b77f6fd3188a650078,活动小丑,VOCALOID 22223333|VOCALOID 22223333|VOCALOID 22223333|VOCALOID 22223333
5b0169c267f356b38bdc5d46,博丽灵梦,东方|博丽灵梦
5b0169c97f6fd3188a6500ed,星尘,星尘
5b0169ca9f54540044d66855,VK3002M,坦克娘
5b0169ccac502e5deddba394,Witch,女巫
5b0169d0a22b9d0044b59032,战舰少女R,
5b0169e367f356b38bdc5e03,祈,
5b0169e4a22b9d0044b590dc,月下,东方
5b0169e567f356b38bdc5e14,Seaside Bride,战舰少女R
5b0169f7ac502e5deddba4a9,芙兰 玩偶,东方
5b0169ec9f54543b31b330ae,COLOURS,lovelive
5b0169ebac502e5deddba465,星尘,星尘|黑丝|黑丝
5b016a0144d9041d3f210384,芬里尔,钢铁少女|芬里尔|敌舰|深海
5b016a04a22b9d0044b591a6,EVA,EVA|明日香
5b0169e79f54540044d6690b,虽然歌声无形,VOCALOID 22223333|VOCALOID 22223333|VOCALOID 22223333|VOCALOID 22223333
5b016a0e17d009726f24dd71,冬季鹿娘,鹿娘
5b016a1ea22b9d0044b5924c,克拉肯,钢铁少女|敌舰|深海|触手
5b016a087f6fd3188a650274,miiku-10周年,VOCALOID 22223333|VOCALOID 22223333|VOCALOID 22223333|VOCALOID 22223333
5b016a209f54540044d66a94,初音未来10th,
5b016a229f5454006f470a8e,旅行者,黑丝|原创|黑丝|原创
5b016a23ac502e5deddba635,saber,fate|saber
5b016a2da22b9d0044b592c4,明石,舰队collection
5b016a26fb4ffe005d666a58,miku,VOCALOID 22223333|VOCALOID 22223333
5b016a2aac502e5deddba66d,よしりこ,lovelive
5b016a25ac502e5deddba644,初音ミク__雨林植物_と幻想,VOCALOID 22223333|VOCALOID 22223333|VOCALOID 22223333|VOCALOID 22223333
5b016a289f5454006f470ad4,MIKU,VOCALOID 22223333|VOCALOID 22223333|VOCALOID 22223333|VOCALOID 22223333
5b016a2e9f54540044d66b00,阿福与迪昂,FGO
5b016a2fa22b9d0044b592db,冰之妖精,东方PROJECT
5b016a319f5454006f470b0c,miku,VOCALOID 22223333|黑丝|VOCALOID 22223333|黑丝
5b016a322f301e00624f830e,少女前_-UZI,少女前线
5b016a3e9f54543b31b332af,爱酱,A.I.Channel
5b016a3817d009726f24df7b,欺诈师,黑丝|黑丝|黑丝|黑丝
5b016a3afb4ffe005d666afc,出逢い,VOCALOID 22223333|镜音铃|镜音铃
5b016a3c9f5454006f470b70,幽幽子,东方
5b016a36ac502e5deddba6c0,miku,VOCALOID 22223333|VOCALOID 22223333|VOCALOID 22223333|VOCALOID 22223333
5b016a3ba22b9d0044b59339,深海少女miku,VOCALOID 22223333|VOCALOID 22223333|VOCALOID 22223333
5b016a409f5454006f470b88,夏季鹿娘,鹿娘
5b016a4a9f5454006f470bda,春季鹿娘,鹿娘
5b016a5d2f301e00624f8432,神代梦华谭,神代梦华谭
5b016a63ac502e5deddba7f6,酒吞茨木,FGO|酒吞童子|茨木童子
5b016a68fb4ffe005d666c4e,战舰少女R 2017年台历,战舰少女R
5b016a6e7f6fd3188a65055c,东方栀子,初音未来x神无月222
5b016a717f6fd3188a650579,四月の_,四月是你的谎言
5b016a70ac502e5deddba84e,_娜,封印者
5b016a782f301e00624f84dd,水渣子,孙渣
5b016a77fe88c29ab13e69e9,恋恋,东方
5b016a7b17d009726f24e1ac,源赖光,FGO|源赖光
5b016a739f5454006f470cec,总司,FGO|冲田总司
5b016a8617d009726f24e1f8,?,战舰少女R|企业
5b016a88a22b9d0044b59557,秀拉,螺旋境界_
5b016a8afe88c29ab13e6a73,旗袍,黑丝|原创|旗袍|旗袍
5b016a8c9f54540044d66d81,回家的路,归途|夕阳|风景
5b016a9bac502e5deddba95c,海边,碧蓝航线
5b016aa044d9041d3f2107a0,东方,东方
5b016a8ea22b9d0044b5959e,水中花,VOCALOID 22223333|VOCALOID 22223333|VOCALOID 22223333|VOCALOID 22223333
5b016aa2fb4ffe005d666df7,丹枫秋意,阴阳师|莹草
5b016aa4a22b9d0044b5963e,皇家__,碧蓝航线
5b016a9944d9041d3f210767,マジカルミライ5周年,VOCALOID 22223333|VOCALOID 22223333|VOCALOID 22223333|VOCALOID 22223333|VOCALOID 22223333
5b016aa617d009726f24e2ef,_,偶像大_
5b016aaa7f6fd3188a650717,山海战记,山海战记
5b016aad7f6fd3188a650736,女儿~~~,战舰少女R
5b016abb2f301e00624f8688,诺福克,钢铁少女|诺福克巡洋舰
5b016ac3a22b9d0044b5972b,榛名,舰c
5b016abfa22b9d0044b59713,红天蛾,希德尼娅的骑士
5b016ada9f54540044d66f7c,少女前线,少女前线|波波沙
5b016ac19f54540044d66ecc,间桐樱,fate
5b016aea2f301e00624f87d3,萝莉幼龙,原创|龙|原创|龙
5b016ae9fb4ffe005d666ff1,贝西莫斯,钢铁少女|敌舰|深海
5b016af044d9041d3f2109cb,君だけの世界,
5b016aee2f301e00624f87fe,3月15日,lovelive
5b016aec7f6fd3188a6508bf,miku,VOCALOID 22223333|VOCALOID 22223333|VOCALOID 22223333|VOCALOID 22223333|VOCALOID 22223333
5b016af19f5454006f471063,无背景电车,黑丝|原创|黑丝|原创
5b016af4fe88c29ab13e6db6,孙渣的消失 鱼总篇,原创
5b016af39f5454006f471074,砂星头像,砂|砂|砂
5b016afc17d009726f24e51a,初音,
5b016af79f54543b31b33793,mafu 1018 生日快乐,mafu|まふまふ
5b016b022f301e00624f888a,まふまふさん生日快乐！！,まふまふ
5b016afafb4ffe005d667072,海伦娜+,碧蓝航线|碧蓝航线|碧蓝航线
5b016b0717d009726f24e567,まふまふ 生贺图,まふまふ
5b016b0517d009726f24e556,【かゆ】まふまふ1018生日贺图,まふまふ|生贺|生日贺图|贺图|指绘
5b016b192f301e00624f8925,まふまふ1018生日快乐！！,まふまふ
5b016b109f54543b31b3383f,まふまふ生贺ww,まふまふ
5b016b2e9f54540044d67275,まふまふ生贺图参战,原创|まふまふ|生贺|同人
5b016b2f2f301e00624f89c5,まふまふ生日快乐！！！！！,まふまふ
5b016b3144d9041d3f210ba5,mafu生日快乐！！,まふまふ|生贺
5b016b497f6fd3188a650b1b,生日贺图,拉面
5b016b332f301e00624f89e0,まふまふ生日贺图,まふまふ|生日贺图
5b016b4a9f54540044d67336,瞎画,涂鸦
5b016b51fe88c29ab13e7063,第六圣女,游戏人设
5b016b48ac502e5deddbae45,まふまふ天使生贺图参战,原创|まふまふ|生贺|同人|明日色ワ_ルドエンド
5b016b5844d9041d3f210cbb,まふまふ生日快乐!!!,
5b016b569f5454006f47134b,`happy birthday`,まふまふ
5b016b619f54543b31b33a6f,まふまふ生日快乐w,まふまふ
5b016b749f54540044d6745f,まふまふ小天使生贺>w<,
5b016b63fe88c29ab13e70dc,まふまふ 10.18生日快乐！！！,まふまふ
5b016b7167f356b38bdc68a7,まふまふお诞生日おめでとうございます,まふまふ
5b016b7844d9041d3f210d9a,1018生快！！！！,まふまふ
5b016b702f301e00624f8b57,まふまふさんの诞生日！,まふまふ|生庆
5b016b7cac502e5deddbafc1,まふまふ桑的生贺,まふまふ生贺图
5b016b7b67f356b38bdc68f7,まふまふ小天使生日快乐！生贺！,まふまふ|生贺
5b016b7e7f6fd3188a650c9a,————,
5b016b8da22b9d0044b59d24,まふまふ生贺,
5b016baffb4ffe005d66753d,まふまふ的生日贺图！,
5b016bb344d9041d3f210f84,Bilibili minecraft,
5b016bb5ac502e5deddbb169,まふまふ生贺(*°_°*),
5b016bc1ac502e5deddbb1c6,miku 十周年万岁,
5b016bb89f54543b31b33ce6,画画的miku,
5b016bc4fe88c29ab13e7385,一起游戏吧~,
5b016bc6fb4ffe005d6675fa,阴阳师│黑白童子│上色毁,阴阳师|黑白童子
5b016bb0fe88c29ab13e7307,抱枕尝试��,镜音铃|镜音铃
5b016bd59f54540044d67728,rain,原创|原创|原创
5b016bf37f6fd3188a650fb4,摸鱼,原创角色
5b016be817d009726f24ec94,10th,初音10th|初音10th
5b016bf544d9041d3f211144,水初音,
5b016c11ac502e5deddbb406,丸子头天依,
5b016c019f54543b31b33f28,Mikuexpo in Shanghai,
5b016c0644d9041d3f2111ab,洛天依生贺,洛天依
5b016c099f54543b31b33f5f,Summer绫,乐正绫
5b016c13fe88c29ab13e7654,水手服言和~,言和
5b016c0b9f5454006f47186e,Alice,爱丽丝|Alice|爱丽丝|Alice
5b016c17ac502e5deddbb45a,赫斯缇雅,
5b016c167f6fd3188a651094,10th,
5b016c199f54543b31b33fe3,39,
5b016c1a2f301e00624f90e9,初音未来橙花,
5b016c1c9f5454006f4718e9,MIKU·,
5b016c1d9f5454006f4718ef,17雪,
5b016c2e44d9041d3f2112f1,miku,
5b016c2f44d9041d3f2112fa,夜伊,夜伊|k
5b016c3da22b9d0044b5a282,中二,中二
5b016c3f2f301e00624f921b,缘之空（1）,
5b016c3c9f5454006f4719d6,樱miku,樱miku|樱miku|樱miku|樱miku
5b016c4e67f356b38bdc6f27,万圣节miku,
5b016c7d9f5454006f471c20,摸鱼,
5b016c599f5454006f471b09,万圣节!,万圣节|万圣节
5b016c689f54540044d67b4d,初音十周年贺图,VOCALOID 22223333|VOCALOID 22223333
5b016c7ffb4ffe005d667bff,万圣miku,
5b016c8217d009726f24f1c2,一张没摸完的天依,洛天依
5b016c7c44d9041d3f21152a,十周年贺图2,VOCALOID 22223333|VOCALOID 22223333
5b016c849f54540044d67c65,初音未来，初投稿。,板绘|板绘|板绘|板绘|板绘
5b016c8544d9041d3f211573,初音未来，初投稿。无题。,蝴蝶结|原创|蝴蝶结|原创|原创
5b016c872f301e00624f94b6,初音未来，以前摸草稿，没板子没人接上色ε=(?ο｀*)))唉,线稿|Hatsune Miku|MIKU|线稿|Hatsune Miku|MIKU|MIKU
5b016c987f6fd3188a6514c7,夜伊小红帽pa,k
5b016c8844d9041d3f21158f,初音未来网页自动上色版。,蝴蝶结|原创|蝴蝶结|原创|蝴蝶结|原创
5b016ca444d9041d3f211682,万圣节miku,
5b016d449f5454006f4721aa,幽灵法则 同人,
5b016ca7a22b9d0044b5a56f,千本樱*轴三,APH|黑塔利亚
5b016ca967f356b38bdc72a7,夜伊,k
5b016d4b7f6fd3188a6519e4,妄想税 同人,
5b016d517f6fd3188a651a15,小莫,fate grand order
5b016d599f54540044d68292,天国的哈利,正太|正太
5b016d612f301e00624f9b2c,天国的哈利,正太|正太
5b016d71a22b9d0044b5ab49,前辈，醒了么？,fgo|fate grand order|玛修|玛修·基列莱特
5b016d809f54540044d683c5,妖精的尾巴 同人,妖精的尾巴
5b016d7bac502e5deddbbeb4,砂之惑星,VOCALOID 22223333|砂之惑星|沙之行星|沙之行星
5b016d7cfe88c29ab13e8123,八爷和初音,VOCALOID 22223333|砂之惑星|ハチ|米津玄师|ハチ
5b016d892f301e00624f9c63,万圣miku~?(_ω???),赛璐璐|赛璐璐
5b016d8e17d009726f24faa4,初音未来~_(?°?°?)??,赛璐璐|赛璐璐
5b016d9a44d9041d3f211d9b,1308,原创角色
5b016d9267f356b38bdc7961,百变小樱~(????)?''',赛璐璐|百变小樱
5b016d9efe88c29ab13e81f9,高雄,碧蓝航线|獒
5b016dac9f54543b31b34b7a,中秋月明,
5b016db39f54543b31b34bc9,砂之惑星,
5b016db87f6fd3188a651d4b,随便涂鸦JK,涂鸦|JK|随手画
5b016dbe17d009726f24fbdd,残,风景
5b016db517d009726f24fba4,君名,你的名字|场景
5b016dbba22b9d0044b5ad5d,阿绫,乐正绫
5b016dc59f54543b31b34c7b,miku,
5b016de3fb4ffe005d668725,(　′ｏ`).。oO,原创
5b016dcf9f54543b31b34cdf,★☆★,VOCALOID 22223333|星尘
5b016dde67f356b38bdc7c07,★SNOW MIKU 2017★,VOCALOID 22223333|VOCALOID 22223333
5b016dfca22b9d0044b5af7a,樱miku,
5b016df79f54543b31b34e35,Game,VOCALOID 22223333|VOCALOID 22223333
5b016dfe44d9041d3f212092,数码绘画10年进化录,进化录|兽耳
5b016e037f6fd3188a651fff,饕餮记(￣_￣)~*,赛璐璐|日系|饕餮记
5b016e0144d9041d3f2120a3,JK,JK|JK
5b016e05ac502e5deddbc326,知世 (～￣_￣)～ ,赛璐璐|日系|知世|Q版
5b016e082f301e00624fa06f,初音未来_(?°?°?)??,赛璐璐|日系|日系
5b016e0c7f6fd3188a65203f,符华,崩坏学园|符华
5b016e1017d009726f24feb0,八重樱,崩坏学园|泳装
5b016e1467f356b38bdc7d97,海外工作的设定,涂鸦
5b016e1344d9041d3f212124,磷叶石,宝石|宝石之国
5b016e1f2f301e00624fa105,摸鱼,
5b016e1c67f356b38bdc7dd4,龙牙和小阿绫~,乐正绫|乐正龙牙
5b016e189f54543b31b34f22,墨清弦,墨清弦
5b016e1dac502e5deddbc3b9,丸子头的天依~,洛天依
5b016e269f54540044d688b2,Sweet*Love曲绘,洛天依|言和|言洛
5b016e2867f356b38bdc7e33,Sweet*Love曲绘2,洛天依|言和|言洛
5b016e2c67f356b38bdc7e45,洛天依,洛天依
5b016e2ffb4ffe005d668946,CALICALI赛高,CALICALI
5b016e2d9f54540044d688e0,【宝石之国——磷叶石】,宝石之国
5b016e4a7f6fd3188a6521f9,背景沉溺于夏季,
5b016e64a22b9d0044b5b21f,无题,原创
5b016e4244d9041d3f212276,背景沉溺于夏季,n-buna|n-buna
5b016e5f2f301e00624fa2a3,弗兰肯斯坦,FGO
5b016e57fe88c29ab13e879f,病名为爱,VOCALOID 22223333
5b016e6c7f6fd3188a652318,王马小吉,弹丸论破|王马小吉
5b016e7cac502e5deddbc656,线稿,犬夜叉
5b016e742f301e00624fa32b,酒吞童子,FGO|酒吞童子
5b016e78fe88c29ab13e8872,酒吞童子,FGO
5b016e7e67f356b38bdc809a,七龙miku,第七龙神2020|第七龙神2020
5b016e832f301e00624fa388,まふまふ,まふまふ
5b016e857f6fd3188a6523a4,まふまふ,まふまふ
5b016e867f6fd3188a6523b7,まふまふ真可爱ww,まふまふ
5b016e977f6fd3188a652434,弹丸论破v3,弹丸论破v3
5b016e882f301e00624fa3a6,Summer~φ(>ω<*) ,MIKU|赛璐璐|KAITO|KAITO
5b016eae9f5454006f472b40,【原创绘本】造心的机器人,造心的机器人
5b016ea617d009726f2502ae,【原创绘本】造心的机器人,造心的机器人|造心的机器人
5b016e9eac502e5deddbc739,【原创绘本】造心的机器人,造心的机器人|造心的机器人
5b016e999f54540044d68bed,赶路的miku,JK|JK|JK
5b016eba7f6fd3188a652522,【原创绘本】造心的机器人,造心的机器人|造心的机器人
5b016ec5a22b9d0044b5b4f3,【原创绘本】造心的机器人,造心的机器人|造心的机器人
5b016ecd67f356b38bdc82b1,【原创绘本】造心的机器人,造心的机器人|造心的机器人
5b016ecf44d9041d3f2126ad,女儿,原创|原创
5b016ed167f356b38bdc82d1,条漫,原创|条漫|条漫
5b016ed22f301e00624fa5a6,条漫,原创|原创
5b016edb2f301e00624fa5e2,魔法未来2017,
5b016ee57f6fd3188a65266f,雪初音2018,
5b016ee7fb4ffe005d668e24,炎八,真炎幸魂|崩坏3
5b016ee8fb4ffe005d668e2f,蕾姆,蕾姆
5b016eeb7f6fd3188a6526a5,条漫,原创|条漫|条漫
5b016eec9f54540044d68deb,儿子,原创
5b016ef09f54543b31b35558,条漫,原创|条漫
5b016ef467f356b38bdc83be,角色,原创
5b016ef6fb4ffe005d668ead,莫德·卡署,原创
5b016ef79f54543b31b3558a,IA,VOCALOID 22223333|IA|厚涂
5b016f1444d9041d3f2128a5,少女,
5b016f00fb4ffe005d668ef2,蕾姆婚纱,蕾姆|婚纱|零世界
5b016f119f5454006f472ecd,洛天依,VOCALOID 22223333|洛天依
5b016f139f54543b31b3564b,少女,原创|原创
5b016f179f5454006f472f1f,暖歌 UTAU,UTAU|暖歌
5b016f1617d009726f250581,VOCALOID fukase,VOCALOID 22223333|fukase
5b016f219f5454006f472f64,^q^,
5b016f1c67f356b38bdc84f4,mafu,まふまふ
5b016f252f301e00624fa817,惩罚游戏,まふまふ
5b016f26a22b9d0044b5b7ab,原创,原创|练习|摸鱼
5b016f277f6fd3188a65289b,声望 网球装,战舰少女R
5b016f3217d009726f250675,之前玩JK测试画的角色,原创|JK测试
5b016f379f5454006f473013,根据鱼总服装设定画的御姐版,JK测试|半原创
5b016f3a7f6fd3188a65292b,日常练习,原创
5b016f2d44d9041d3f21295e,雪初音,VOCALOID 22223333|VOCALOID 22223333
5b016f399f54543b31b35770,看看这种违规不~,原创
5b01771d9f54540044d6cbfb,妈妈桑,幻醒
5b016f3e67f356b38bdc860d,万圣节画的水查子~,孙渣
5b01771c17d009726f254162,萌萌哒猫娘,原创|板绘|猫娘|原创|板绘|猫娘
5b017790fb4ffe005d66cf66,幻醒十代目,幻醒
5b017793ac502e5deddc0bbb,多年前的涂鸦四格,幻醒
5b0177959f54543b31b3963a,幻醒四格,幻醒
5b01779a67f356b38bdcc737,日常练习,日常练习
5b01779c9f5454006f476cf8,无题,
5b01779ffb4ffe005d66d06b,养猪厂厂长新婚之日,大师
5b01779e2f301e00624fe70a,哦~,
5b0177a69f54540044d6cffb,磷叶石,宝石之国|磷叶石
5b0177a9ac502e5deddc0c64,日常まふまふ,まふまふ
5b0177aafb4ffe005d66d11b,Couples dress ,VOCALOID 22223333|镜音连|葱蕉|镜音连
5b0177ad67f356b38bdcc7ad,花嫁,VOCALOID 22223333|镜音铃|橘葱|葱橘|葱橘
5b0177ae9f54540044d6d03b,选择,VOCALOID 22223333|镜音铃|橘葱|葱橘|葱橘
5b0177b2fb4ffe005d66d17a,选择,VOCALOID 22223333|镜音铃|橘葱|葱橘|葱橘
5b0177b0a22b9d0044b5f70e,选择,VOCALOID 22223333|镜音铃|橘葱|葱橘|葱橘
5b0177b59f5454006f476dc6,选择,VOCALOID 22223333|镜音铃|橘葱|葱橘|葱橘
5b0177b82f301e00624fe7d8,追逐,VOCALOID 22223333|镜音铃|橘葱|葱橘|葱橘
5b0177bc7f6fd3188a656993,Good Bye,VOCALOID 22223333|镜音连|葱蕉|镜音连
5b0177be9f5454006f476e02,Good bye,VOCALOID 22223333|镜音连|葱蕉|镜音连
5b0177c0ac502e5deddc0d07,Good bye,VOCALOID 22223333|镜音连|葱蕉|镜音连
5b0177c467f356b38bdcc84f,Good Bye,VOCALOID 22223333|镜音连|葱蕉|镜音连
5b0177c57f6fd3188a6569e1,水母服,VOCALOID 22223333|镜音连|葱蕉|镜音连
5b0177c82f301e00624fe835,melt me,VOCALOID 22223333|镜音连|葱蕉|镜音连
5b0177cdfe88c29ab13eceee,约定,VOCALOID 22223333|镜音连|葱蕉|镜音连
5b0177ce17d009726f254626,miku十周年快乐,VOCALOID 22223333|VOCALOID 22223333
5b0177d4fb4ffe005d66d2be,砂之惑星,VOCALOID 22223333|VOCALOID 22223333
5b0177d944d9041d3f216a32,一个双子葱小剧场,VOCALOID 22223333|镜音铃|镜音连|双子葱|双子葱
5b0177da2f301e00624fe8a2,社会橘葱,VOCALOID 22223333|镜音铃|橘葱|葱橘|葱橘
5b0177de17d009726f254696,社会葱蕉,VOCALOID 22223333|镜音连|葱蕉|镜音连
5b0177e02f301e00624fe8d2,花与蝶,VOCALOID 22223333|镜音铃|橘葱|葱橘|葱橘
5b0177e72f301e00624fe904,婚礼 ,VOCALOID 22223333|镜音铃|橘葱|葱橘|葱橘
5b0177f09f54543b31b3987f,婚礼,VOCALOID 22223333|镜音铃|橘葱|葱橘|葱橘
5b0177f8fb4ffe005d66d3b6,婚礼,VOCALOID 22223333|镜音铃|橘葱|葱橘|葱橘
5b0177fd17d009726f254759,婚礼,VOCALOID 22223333|镜音铃|镜音铃
5b0178037f6fd3188a656b8c,婚礼,VOCALOID 22223333|镜音铃|橘葱|葱橘|葱橘
5b01780617d009726f25478f,婚礼,VOCALOID 22223333|镜音铃|橘葱|葱橘|葱橘
5b01780d9f54543b31b39946,婚礼短漫人设 草稿图,VOCALOID 22223333|镜音铃|橘葱|葱橘|葱橘
5b0178d4a22b9d0044b5ffe5,重い‘‘‘,
5b0178dfa22b9d0044b6002a,雪miku,
5b01781b2f301e00624fea7a,双子葱小剧场,VOCALOID 22223333|镜音铃|镜音连|葱蕉|葱橘|双子葱|葱橘
5b0178e39f54543b31b39fc7,凹凸小剧场,凹凸世界|嘉德罗斯|瑞嘉|格瑞|嘉瑞
5b0178e79f54543b31b39fee,凹凸小剧场,凹凸世界|鬼狐天冲|凯莉
5b0178e9ac502e5deddc15c9,给予,凹凸世界|嘉德罗斯|瑞嘉|格瑞|嘉瑞
5b0178f27f6fd3188a65728a,圣诞贺图 w(￣_￣)~*,
5b0178ed9f54543b31b3a01e,10 th Anniversary~,VOCALOID 22223333
5b0178eafe88c29ab13ed738,Dancer,VOCALOID 22223333|镜音连|葱蕉|镜音连
5b01791dfb4ffe005d66dc84,为你而歌,崩坏3
5b01791e2f301e00624ff1a7,阿比盖尔,fgo|阿比盖尔
5b017906a22b9d0044b6013e,夕,VOCALOID 22223333|VOCALOID 22223333
5b01791244d9041d3f2172e5,未来有你,VOCALOID 22223333|VOCALOID 22223333
5b017921ac502e5deddc1747,葱橘小剧场,VOCALOID 22223333|镜音铃|橘葱|葱橘|葱橘
5b01792317d009726f255010,2018,VOCALOID 22223333|VOCALOID 22223333|VOCALOID 22223333
5b01792b17d009726f255051,【原创绘本】造心的机器人,造心的机器人
5b01793017d009726f255074,【原创绘本】造心的机器人,造心的机器人
5b017933ac502e5deddc17bb,【原创绘本】造心的机器人,造心的机器人
5b01792417d009726f25501e,！十周年快乐,VOCALOID 22223333|镜音铃|镜音连|双子葱|双子葱
5b01793444d9041d3f2173e4,【原创绘本】造心的机器人,造心的机器人
5b0179372f301e00624ff236,【原创绘本】造心的机器人,造心的机器人
5b0179292f301e00624ff1eb,谨贺新年,百变小樱
5b01793a44d9041d3f217406,【原创绘本】造心的机器人,造心的机器人
5b01793e9f54540044d6db6a,【原创绘本】造心的机器人,造心的机器人
5b01794317d009726f255119,【原创绘本】造心的机器人,造心的机器人
5b0179482f301e00624ff2ac,【原创绘本】造心的机器人,造心的机器人
5b01794bfb4ffe005d66ddb6,【原创绘本】造心的机器人,造心的机器人
5b0179529f5454006f477931,【原创绘本】造心的机器人,造心的机器人
5b017959a22b9d0044b60387,【原创绘本】造心的机器人,造心的机器人
5b017957ac502e5deddc18c7,【原创绘本】造心的机器人,造心的机器人
5b017963fe88c29ab13edaee,【原创绘本】造心的机器人,造心的机器人
5b017968a22b9d0044b603f7,【原创绘本】造心的机器人,造心的机器人
5b01796d9f5454006f4779fd,【原创绘本】造心的机器人,造心的机器人
5b01797c44d9041d3f2175d1,【原创绘本】造心的机器人,造心的机器人
5b01797767f356b38bdcd48f,【原创绘本】造心的机器人,造心的机器人
5b0179879f5454006f477aa3,【原创绘本】造心的机器人,造心的机器人
5b017981ac502e5deddc19f7,【原创绘本】造心的机器人,造心的机器人
5b01798c9f54543b31b3a44a,【原创绘本】造心的机器人,造心的机器人
5b017d7ffe88c29ab13ef99f,【原创绘本】造心的机器人,造心的机器人
5b017d78a22b9d0044b62271,【原创绘本】造心的机器人,造心的机器人
5b017d7a9f54543b31b3c24f,【原创绘本】造心的机器人,造心的机器人
5b017d8afb4ffe005d66fde8,【原创绘本】造心的机器人,造心的机器人
5b017d8567f356b38bdcf1de,【原创绘本】造心的机器人,造心的机器人
5b017d8e7f6fd3188a659412,【原创绘本】造心的机器人,造心的机器人
5b017d939f5454006f47984f,【原创绘本】造心的机器人,造心的机器人
5b017d989f5454006f4798a8,【原创绘本】造心的机器人,造心的机器人
5b017d9ba22b9d0044b62391,【原创绘本】造心的机器人,造心的机器人
5b017d9f9f5454006f4798ea,【原创绘本】造心的机器人,造心的机器人
5b017dab9f5454006f47993c,【原创绘本】造心的机器人,造心的机器人
5b017da29f54543b31b3c3ba,【原创绘本】造心的机器人,造心的机器人
5b017db67f6fd3188a65955c,【原创绘本】造心的机器人,造心的机器人
5b017dbfa22b9d0044b624aa,【原创绘本】造心的机器人,造心的机器人
5b017dbbfb4ffe005d66ffb8,【原创绘本】造心的机器人,造心的机器人
5b017dc29f54543b31b3c495,【原创绘本】造心的机器人,造心的机器人
5b017dcb67f356b38bdcf43a,造心的机器人【绘本和玩偶~】,造心的机器人
5b017dce67f356b38bdcf44b,女指挥（我）与安托涅瓦的二三事之2,永远的7日之都|安托涅瓦|女指挥使
5b017dcd7f6fd3188a6595f2,女指挥（我）与安托涅瓦的二三事,永远的7日之都|安托涅瓦|女指挥使
5b017ddd17d009726f257257,练习图,日常练习
5b017de52f301e00625014f7,九月是你的游戏,九月是你的游戏
5b017ddefb4ffe005d6700d9,幻醒以前画的图,幻醒
5b017dd3ac502e5deddc3910,烟,VOCALOID 22223333|镜音连|葱蕉|镜音连
5b017ddb2f301e0062501460,【原创人设】凌喵,原创|原创|原创|原创
5b017dd9fb4ffe005d670082,[萌新报道]纱雾一直,纱雾|纱雾|纱雾
5b017de967f356b38bdcf531,GOSICK_(????)?',赛璐璐|日系|GOSICK|日系|GOSICK
5b017dec2f301e0062501521,新年贺图！！！,VOCALOID 22223333|VOCALOID 22223333|VOCALOID 22223333|VOCALOID 22223333
5b017df5fb4ffe005d67016e,独做,古风
5b017def9f5454006f479b1c,鱼 (°)#))<<,VOCALOID 22223333|VOCALOID 22223333|VOCALOID 22223333|VOCALOID 22223333
5b017df87f6fd3188a65973c,摸鱼1,
5b017df744d9041d3f21972f,夕,天空|天空
5b017df267f356b38bdcf578,啦啦啦~(*/ω＼*),头像|薇欧瑞特·艾弗戈登|紫罗兰永恒花园
5b017df444d9041d3f219714,修改啦一下,日系|头像|紫罗兰永恒花园
5b017df19f54543b31b3c5f8,摸头像w(__^__),日系|魔卡少女樱|头像|魔卡少女樱|头像
5b017e8dfe88c29ab13f01e7,色鉛筆　ダクネス,达克妮斯|为美好的世界献上祝福！
5b017dfa67f356b38bdcf5ae,彩w_ω_,VOCALOID 22223333|VOCALOID 22223333|VOCALOID 22223333
5b017e972f301e0062501a31,ダクネス,达克妮斯|为美好的世界献上祝福！
5b017e99fe88c29ab13f0233,ダクネス,达克妮斯|为美好的世界献上祝福！
5b017e9ca22b9d0044b62aa7,くっころクルセイバーダクネス,达克妮斯|为美好的世界献上祝福！
5b017e9a9f54540044d701c3,ダクネス,达克妮斯|为美好的世界献上祝福！
5b017ea82f301e0062501a97,ダクネス,达克妮斯|为美好的世界献上祝福！
5b017ea917d009726f257897,サンタ三葉,你的名字|宫水三叶
5b017ee3a22b9d0044b62c5f,らくがき,你的名字|宫水三叶
5b017eaa9f54540044d7022a,賀正,你的名字|宫水三叶
5b017ee39f54540044d7035a,習作,你的名字|宫水三叶
5b017ee517d009726f2579f6,世界のどこかに,你的名字|宫水三叶
5b017ee8fe88c29ab13f040b,こんぱく ようむ 魂魄妖梦,东方PROJECT|魂魄妖梦
5b017eef7f6fd3188a659d61,妖々夢,东方PROJECT|魂魄妖梦
5b017efd67f356b38bdcfc7c,着ている服などあんまり無い！,东方PROJECT|魂魄妖梦
5b017ef02f301e0062501c65,ふわふわ妖夢,东方PROJECT|魂魄妖梦
5b017efefe88c29ab13f049d,no title,东方PROJECT|魂魄妖梦
5b017f009f5454006f47a249,メガネ妖夢ちゃん,东方PROJECT|魂魄妖梦
5b017f009f54543b31b3ccc0,かねき けん,金木研|东京食尸鬼
5b017f04fe88c29ab13f04ba,ねえ、僕を,金木研|东京食尸鬼
5b017f04fb4ffe005d670840,首あたりのパーツ忘れたw,金木研|东京食尸鬼
5b017f0517d009726f257ab6,kikyo,犬夜叉|桔梗
5b017f06fb4ffe005d670852,桔梗,犬夜叉|桔梗
5b017f167f6fd3188a659e5c,無題,蓝原芽衣|citrus～柑橘味香气～
5b017f1ea22b9d0044b62e8a,柚子&芽衣,蓝原芽衣|citrus～柑橘味香气～
5b017f0917d009726f257aca,犬夜叉,犬夜叉|桔梗
5b017f237f6fd3188a659eb3,縫ってくれたクマさん,蓝原芽衣|citrus～柑橘味香气～
5b017f1f9f54543b31b3cd9d,藍原芽衣,蓝原芽衣|citrus～柑橘味香气～
5b017f0cfb4ffe005d670886,クラピカ集め,酷拉皮卡|全职猎人
5b017f0a7f6fd3188a659e09,クラピカ,酷拉皮卡|全职猎人
5b017f262f301e0062501d92,藍原芽衣,蓝原芽衣|citrus～柑橘味香气～
5b017f2717d009726f257b7a,コードの先は、、♡,citrus～柑橘味香气～|蓝原柚子
5b017f28fe88c29ab13f05a9,♡,citrus～柑橘味香气～|蓝原柚子
5b017f2b67f356b38bdcfda1,ゆずっち,citrus～柑橘味香气～|蓝原柚子
5b017f2c7f6fd3188a659ef1,Yuzu Aihara,citrus～柑橘味香气～|蓝原柚子
5b017f2e9f5454006f47a37c,藍原柚子,citrus～柑橘味香气～|蓝原柚子
5b017fa967f356b38bdd025b,No Name,流川枫|灌篮高手
5b017f36ac502e5deddc422e,流川楓,流川枫|灌篮高手
5b017f329f54540044d7053e,レミリア·スカーレット,东方PROJECT|蕾米莉亚·斯卡雷特
5b017faa2f301e0062502212,メリオダス,梅利奥达斯|七大罪
5b017fab2f301e006250221a,メリオ,梅利奥达斯|七大罪
5b017fac9f54540044d70956,無題,诺克提斯|最终幻想15
5b017faf9f5454006f47a839,15(ノクト)ログ,诺克提斯|最终幻想15
5b017fadfe88c29ab13f0a6f,描けば出る教,诺克提斯|最终幻想15
5b017fd0fe88c29ab13f0b1b,じ…………,东方PROJECT|帕秋莉·诺蕾姬
5b017fd8fb4ffe005d670f27,セバスチャン,塞巴斯蒂安·米卡利斯|黑执事
5b017fd17f6fd3188a65a44a,Patchouli,东方PROJECT|帕秋莉·诺蕾姬
5b017fd467f356b38bdd0374,キルア＝ゾルディック,全职猎人|奇犽·揍敌客
5b017fd5fb4ffe005d670f06,キル,全职猎人|奇犽·揍敌客
5b017fd39f54540044d70a2e,むきゅー！,东方PROJECT|帕秋莉·诺蕾姬
5b017fd644d9041d3f21a4d6,南ちゃん,浅仓南|棒球英豪
5b017fd9fb4ffe005d670f2f,無題,杀老师|暗杀教室
5b017fdcfe88c29ab13f0c5b,殺せんせーです〜〜,杀老师|暗杀教室
5b017fe12f301e006250235f,神楽ちゃん,神乐|银魂
5b017fe0ac502e5deddc47b0,殺せんせー誕生日,杀老师|暗杀教室
5b017fe59f54543b31b3d345,神楽ちゃん,神乐|银魂
5b017fe97f6fd3188a65a4ed,かぐたん2015,神乐|银魂
5b017ff5fe88c29ab13f0d0a,神楽ちゃん,神乐|银魂
5b017ff69f5454006f47a9d3,神楽ちゃん,神乐|银魂
5b017ff444d9041d3f21a5a1,かぐたん2016,神乐|银魂
5b017ff8fb4ffe005d670ff1,無題,神崎·H·亚里亚|绯弹的亚里亚
5b017ffb9f54543b31b3d3ef,アリア,神崎·H·亚里亚|绯弹的亚里亚
5b017ffc67f356b38bdd04b2,無題,神崎·H·亚里亚|绯弹的亚里亚
5b017ffd9f54540044d70b58,スヤスヤ咲夜さん,东方PROJECT|十六夜咲夜
5b0180009f54540044d70b72,メイド長の朝は早い,东方PROJECT|十六夜咲夜
5b018002fe88c29ab13f0d50,咲夜,东方PROJECT|十六夜咲夜
5b018003a22b9d0044b63579,ゆゆさま,东方PROJECT|西行寺幽幽子
5b01800467f356b38bdd0506,待ち人,东方PROJECT|西行寺幽幽子
5b01800d44d9041d3f21a64c,Gift,东方PROJECT|西行寺幽幽子
5b01800667f356b38bdd0518,蔑視,东方PROJECT|西行寺幽幽子
5b018010a22b9d0044b635d5,4/19 落書き,白|NO GAME NO LIFE 游戏人生
5b0180122f301e006250249e,シュヴィ・ドーラ,白|NO GAME NO LIFE 游戏人生
5b018013fb4ffe005d6710c8,Jibril,白|NO GAME NO LIFE 游戏人生
5b018016fe88c29ab13f0db6,NO GAME NO LIFE,白|NO GAME NO LIFE 游戏人生
5b0180169f54540044d70bec,無題,地狱吹雪|一拳超人
5b0180199f5454006f47aaa5,巨大フブキさん,地狱吹雪|一拳超人
5b01801b44d9041d3f21a6ba,ゴン,全职猎人|杰·富力士
5b018022fe88c29ab13f0e10,最期の赤色の宝玉,宝石之国|磷叶石
5b01801e44d9041d3f21a6d0,無題,宝石之国|磷叶石
5b01802b17d009726f2583e3,Kurisu,牧濑红莉栖|命运石之门
5b018027ac502e5deddc494d,ねえ,宝石之国|磷叶石
5b01802cfe88c29ab13f0e5f,牧瀬紅莉栖,牧濑红莉栖|命运石之门
5b0180329f54540044d70ca0,誠氏ね,伊藤诚|School Days
5b01802d2f301e006250253f,ツンデレ可愛い,牧濑红莉栖|命运石之门
5b01803167f356b38bdd0617,三井 寿,灌篮高手|三井寿
5b018033fe88c29ab13f0e82,ランナウェイ,命运石之门|椎名真由理
5b018035fb4ffe005d67118e,椎名まゆり,命运石之门|椎名真由理
5b0180379f54543b31b3d56f,宮永さん,宫永咲|天才麻将少女
5b018035a22b9d0044b636c9,とぅっとるー♪,命运石之门|椎名真由理
5b018039a22b9d0044b636ef,スマホこわれた,宫永咲|天才麻将少女
5b018038a22b9d0044b636e5,宮永咲さん,宫永咲|天才麻将少女
5b01803aac502e5deddc49c3,咲ちゃん,宫永咲|天才麻将少女
5b01803bac502e5deddc49d5,咲絵まとめ６,宫永咲|天才麻将少女
5b01803d67f356b38bdd068a,無題,夜夜|机巧少女不会受伤
5b018041fe88c29ab13f0edd,夜々,夜夜|机巧少女不会受伤
5b0180429f54540044d70d08,ややかわいい,夜夜|机巧少女不会受伤
5b0180439f54540044d70d28,夜々,夜夜|机巧少女不会受伤
5b0180459f5454006f47aba0,ガルパンは汗アニメやんか、だから汗を描くべきであり、そこに発生す,武部沙织
5b0180489f54543b31b3d5d5,武部沙織「気まぐれロマンティック！」,武部沙织
5b0180499f54543b31b3d5df,年末最後の女子力の塊,武部沙织
5b01804aac502e5deddc4a33,ついピクまとめ二枚,少女与战车|西住美穗
5b01804b7f6fd3188a65a756,鬼ごっこなら無敵を誇るみぽりん,少女与战车|西住美穗
5b01804e9f54543b31b3d603,西住殿!,少女与战车|西住美穗
5b01804f9f54540044d70d75,みほ先生,少女与战车|西住美穗
5b018055a22b9d0044b6379a,恋次誕生日おめでとう！！,阿散井恋次|BLEACH死神
5b018053fe88c29ab13f0f4d,L,L|死亡笔记
5b0180562f301e006250264c,柏崎星奈,柏崎星奈|我的朋友很少
5b018058fb4ffe005d67127c,肉,柏崎星奈|我的朋友很少
5b01805a2f301e0062502667,せもぽぬめ,柏崎星奈|我的朋友很少
5b01805b9f54543b31b3d66f,HYSKOA☆,全职猎人|西索
5b01805cfe88c29ab13f0fa7,ヒソカ,全职猎人|西索
5b01805e67f356b38bdd073b,ヒソカ,全职猎人|西索
5b01805f44d9041d3f21a849,地獄を誘う,阎魔爱|地狱少女
5b01806467f356b38bdd0769,織りなす色は幾千,阎魔爱|地狱少女
5b01806a44d9041d3f21a8a6,地獄少女,阎魔爱|地狱少女
5b01806cfb4ffe005d6712f9,らくがき,死亡笔记|夜神月
5b01806d67f356b38bdd07b3,デスノろぐ,死亡笔记|夜神月
5b01806e44d9041d3f21a8cc,エリザベスちゃん,七大罪|伊丽莎白·里昂妮丝
5b01806ffb4ffe005d671310,Elizabeth Liones,七大罪|伊丽莎白·里昂妮丝
5b018070fe88c29ab13f1036,エロ同人みたいに！,七大罪|伊丽莎白·里昂妮丝
5b018072a22b9d0044b63846,もっと破れても,七大罪|伊丽莎白·里昂妮丝
5b018073a22b9d0044b63851,友利奈緒,友利奈绪|Charlotte
5b018074ac502e5deddc4b17,友利奈緒,友利奈绪|Charlotte
5b0180759f5454006f47acee,初投稿,友利奈绪|Charlotte
5b0180762f301e006250270f,10_友利 奈緒,友利奈绪|Charlotte
5b01807717d009726f2585a8,友利,友利奈绪|Charlotte
5b01807817d009726f2585b3,Charlotte　友利奈緒,友利奈绪|Charlotte
5b0180849f5454006f47ad47,D.VA,守望先锋|D.va
5b01807917d009726f2585bf,A2,A2|尼尔 机械纪元
5b01808c9f54543b31b3d7bf,D.va,守望先锋|D.va
5b0180832f301e0062502764,A2 (NieR: Automata),A2|尼尔 机械纪元
5b01807aac502e5deddc4b40,A2,A2|尼尔 机械纪元
5b01808fa22b9d0044b63909,d.vaちゃん,守望先锋|D.va
5b01808e67f356b38bdd087f,じー,守望先锋|D.va
5b01809044d9041d3f21a99c,アクア,为美好的世界献上祝福！|阿克娅
5b018093fb4ffe005d6713ea,Esdeath,艾斯德斯|斩·赤红之瞳！
5b01809117d009726f25866e,アクア,为美好的世界献上祝福！|阿克娅
5b01809744d9041d3f21a9e0,エスデス,艾斯德斯|斩·赤红之瞳！
5b01809cac502e5deddc4c1c,エスデスのお誘い,艾斯德斯|斩·赤红之瞳！
5b0180929f5454006f47adcd,アクア,为美好的世界献上祝福！|阿克娅
5b0180a0a22b9d0044b63984,无题,爱德华·艾尔利克|钢之炼金术师
5b0180a717d009726f258701,無題,爱德华·艾尔利克|钢之炼金术师
5b0180a8fb4ffe005d671472,無題,爱德华·艾尔利克|钢之炼金术师
5b0180a917d009726f25870c,坂上智代,坂上智代|CLANNAD
5b0180aa2f301e0062502855,智代お誕生日おめでとう！！,坂上智代|CLANNAD
5b0180b42f301e00625028a9,高みへ・・・,坂上智代|CLANNAD
5b0180b69f54540044d71006,ベヨネッタ,贝优妮塔|猎天使魔女
5b0180c39f5454006f47af39,ベヨネッタ(16),贝优妮塔|猎天使魔女
5b0180c49f5454006f47af44,ベヨネッタ2落書き,贝优妮塔|猎天使魔女
5b0180c87f6fd3188a65aa71,赤木 晴子 SLAM DUNK,灌篮高手|赤木晴子
5b0180c867f356b38bdd09e6,赤木晴子,灌篮高手|赤木晴子
5b0180caa22b9d0044b63a77,あの。。。バスケットはお好きですか。,灌篮高手|赤木晴子
5b0180cb9f54540044d710a9,Jojo collection,迪奥·布兰度|JOJO的奇妙冒险
5b0180cc9f5454006f47af85,朝の準備やん,东条希|LoveLive!
5b0180ce44d9041d3f21ab34,ぴーす,东条希|LoveLive!
5b0180d2ac502e5deddc4d5f,のんちゃん誕,东条希|LoveLive!
5b0180d444d9041d3f21ab5a,ぺんぺん,东条希|LoveLive!
5b0180d3fb4ffe005d67155d,東條希,东条希|LoveLive!
5b0180d69f54540044d710f3,のぞみん,东条希|LoveLive!
5b0180d867f356b38bdd0a3d,穂乃果の猿腕を舐めまわしたい！,LoveLive!|高坂穗乃果
5b0180da67f356b38bdd0a4e,☺,LoveLive!|高坂穗乃果
5b0180dc9f5454006f47aff7,♪♪♪♪♪♪♪♪♪,LoveLive!|高坂穗乃果
5b0180dd2f301e00625029a4,飛べるよ。,LoveLive!|高坂穗乃果
5b0180dfa22b9d0044b63af0,にっ！,LoveLive!|高坂穗乃果
5b0180e117d009726f258845,杏殿,高卷杏|女神异闻录5
5b0180e1fe88c29ab13f1316,Persona 5,高卷杏|女神异闻录5
5b0180df44d9041d3f21ab9f,ほのかちゃー,LoveLive!|高坂穗乃果
5b0180e544d9041d3f21abec,waifu,高卷杏|女神异闻录5
5b0180e667f356b38bdd0abe,ブラック☆ロックシューター THE GAME「ブラック★トライ」,黑岩|Black Rock Shooter
5b0180e79f54540044d7117e,ブラック★ロックシューター,黑岩|Black Rock Shooter
5b0180ea2f301e0062502a3f,闇を駆ける星に願いを★,黑岩|Black Rock Shooter
5b0180ebac502e5deddc4e57,このすば,为美好的世界献上祝福！|惠惠
5b0180edac502e5deddc4e74,めぐみん,为美好的世界献上祝福！|惠惠
5b0180ec17d009726f2588be,めぐみん,为美好的世界献上祝福！|惠惠
5b0180f4ac502e5deddc4eaf,金剛と海に行きたいだけの人生だった,金刚|舰队Collection
5b0180f69f54540044d71209,イベント始まったけどバケツ4個しかないよ,金刚|舰队Collection
5b0180ee44d9041d3f21ac42,Cammy,嘉米|街霸
5b0180ef67f356b38bdd0b0d,cammy,嘉米|街霸
5b0180f844d9041d3f21ac88,ヘーイ提督ゥ！ブッキーの服着てみたヨー！,金刚|舰队Collection
5b0180f967f356b38bdd0b4e,金剛ちゃん,金刚|舰队Collection
5b0180fa67f356b38bdd0b55,空条承太郎,JOJO的奇妙冒险|空条承太郎
5b0180fa17d009726f258931,summer wind,拉克丝|机动战士高达SEED
5b01810467f356b38bdd0b9e,He cooks,林克|塞尔达传说
5b018105ac502e5deddc4f17,マクロス詰め,林美明|超时空要塞
5b01810017d009726f25895c,a hero's resolve,林克|塞尔达传说
5b0181062f301e0062502aff,ミンメイちゃん,林美明|超时空要塞
5b0181089f54540044d7126e,魔理沙,魔理沙|东方PROJECT
5b01810e9f54540044d712a3,魔理沙,魔理沙|东方PROJECT
5b01811bac502e5deddc4fee,にゃんマリ,魔理沙|东方PROJECT
5b01811067f356b38bdd0bf4,魔理沙,魔理沙|东方PROJECT
5b01811c67f356b38bdd0c52,モモマカロンの午後茶,茉茉·贝莉雅·戴比路克|出包王女
5b01811efb4ffe005d671796,To love ru darkness：Momo,茉茉·贝莉雅·戴比路克|出包王女
5b01812a44d9041d3f21ade9,ToLOVEる　モモ,茉茉·贝莉雅·戴比路克|出包王女
5b01812367f356b38bdd0c89,もも,茉茉·贝莉雅·戴比路克|出包王女
5b018130fe88c29ab13f1540,かかし,旗木卡卡西|火影忍者
5b01812b17d009726f258a77,Toloveる ダークネス,茉茉·贝莉雅·戴比路克|出包王女
5b0181309f54540044d71382,no title,旗木卡卡西|火影忍者
5b0181327f6fd3188a65addf,NH - Kekkon,火影忍者|日向雏田
5b01813317d009726f258abc,HINATA,火影忍者|日向雏田
5b018134a22b9d0044b63ddd,ヒナタ 12/27,火影忍者|日向雏田
5b0181367f6fd3188a65adfd,セフィロス,萨菲罗斯|最终幻想7
5b0181372f301e0062502c97,幻想殺し,上条当麻|魔法禁书目录
5b01813a9f54543b31b3dc8b,松本乱菊,BLEACH死神|松本乱菊
5b01813944d9041d3f21ae6a,Rangiku Matsumoto,BLEACH死神|松本乱菊
5b01813c67f356b38bdd0d40,Tanya,谭雅·冯·提古雷查夫|幼女战记
5b01813b7f6fd3188a65ae31,幼女戦記,谭雅·冯·提古雷查夫|幼女战记
5b01813e9f54543b31b3dca7,ターニャ・フォン・デグレチャフ,谭雅·冯·提古雷查夫|幼女战记
5b01813f9f54543b31b3dcb1,薇尔莉特ヴァイオレット,紫罗兰永恒花园|薇尔莉特·伊芙加登
5b018147ac502e5deddc516d,ヴァイオレットちゃん,紫罗兰永恒花园|薇尔莉特·伊芙加登
5b018148a22b9d0044b63e7e,いつかその名にふさわしい人に…,紫罗兰永恒花园|薇尔莉特·伊芙加登
5b018149fe88c29ab13f164f,I Love you,紫罗兰永恒花园|薇尔莉特·伊芙加登
5b01814f7f6fd3188a65aee5,Violet Evergarden (Ep 13),紫罗兰永恒花园|薇尔莉特·伊芙加登
5b018157ac502e5deddc52b4,ァイオレット,紫罗兰永恒花园|薇尔莉特·伊芙加登
5b0181589f54540044d714f4,ヴァイオレット・エヴァーガーデン,紫罗兰永恒花园|薇尔莉特·伊芙加登
5b01815944d9041d3f21af42,「愛してる」を知っているから.........,紫罗兰永恒花园|薇尔莉特·伊芙加登
5b01815f17d009726f258c03,ゆの,我妻由乃|未来日记
5b01815a9f54540044d71508,ヴァイオレット,紫罗兰永恒花园|薇尔莉特·伊芙加登
5b018167fe88c29ab13f170b,真姫ちゃん誕,LoveLive!|西木野真姬
5b01816644d9041d3f21afae,がさい ゆの,我妻由乃|未来日记
5b0181649f5454006f47b3f3,我妻由乃,我妻由乃|未来日记
5b0181689f5454006f47b418,Happy Birthday!!,LoveLive!|西木野真姬
5b01816aa22b9d0044b63f5f,真姫ちゃんお誕生日,LoveLive!|西木野真姬
5b01816c9f54540044d71584,まきちゃん,LoveLive!|西木野真姬
5b01816ea22b9d0044b63f7b,まきちゃんおめでとう！,LoveLive!|西木野真姬
5b01816f7f6fd3188a65afb5,真姫生誕祭,LoveLive!|西木野真姬
5b0181709f5454006f47b4ba,はぴば！,LoveLive!|西木野真姬
5b0181719f54540044d715c4,なわとび,LoveLive!|小泉花阳
5b01817217d009726f258c83,かよちん,LoveLive!|小泉花阳
5b0181739f5454006f47b4fa,花陽,LoveLive!|小泉花阳
5b0181742f301e0062502e2f,花陽誕,LoveLive!|小泉花阳
5b018176a22b9d0044b63fab,無題,LoveLive!|小泉花阳
5b01817717d009726f258c9e,無題,LoveLive!|小泉花阳
5b018178fe88c29ab13f17e1,日焼け跡,LoveLive!|星空凛
5b01817944d9041d3f21b062,りんちゃん,LoveLive!|星空凛
5b01817a67f356b38bdd0f05,変身!!,LoveLive!|星空凛
5b01817a44d9041d3f21b071,★★★,LoveLive!|星空凛
5b01817eac502e5deddc53af,ねこのはなよめさま,LoveLive!|星空凛
5b0181822f301e0062502e91,スパッツエリチカ,LoveLive!|绚濑绘里
5b0181812f301e0062502e87,絵里誕,LoveLive!|绚濑绘里
5b0181839f54540044d71652,スク水エリーチカ,LoveLive!|绚濑绘里
5b01818617d009726f258d01,絵里誕,LoveLive!|绚濑绘里
5b01818744d9041d3f21b0ce,猫と絵里と,LoveLive!|绚濑绘里
5b0181882f301e0062502ebf,Happybirthday ELI,LoveLive!|绚濑绘里
5b01818a7f6fd3188a65b089,ゼロよ、俺を導いてくれ,希罗·尤尔|新机动战记W
5b01818dac502e5deddc540a,RHYTHM EMOTION,希罗·尤尔|新机动战记W
5b01818917d009726f258d16,えりち生誕祭2016,LoveLive!|绚濑绘里
5b01818efe88c29ab13f1860,春っぽいな何か,霞之丘诗羽|路人女主的养成方法
5b01818f44d9041d3f21b108,霞ヶ丘詩羽 修改,霞之丘诗羽|路人女主的养成方法
5b0181957f6fd3188a65b0c5,完成,霞之丘诗羽|路人女主的养成方法
5b0181969f54540044d716ae,霞ヶ丘詩羽,霞之丘诗羽|路人女主的养成方法
5b0181987f6fd3188a65b0d5,霞ヶ丘詩羽,霞之丘诗羽|路人女主的养成方法
5b0181999f54540044d716b5,まとめ3,火影忍者|漩涡鸣人
5b01819dfb4ffe005d671ade,雪風,舰队Collection|雪风
5b0181a07f6fd3188a65b130,鬼灯,舰队Collection|雪风
5b01819afb4ffe005d671ab4,まとめ2,火影忍者|漩涡鸣人
5b01819ba22b9d0044b6409c,,火影忍者|漩涡鸣人
5b0181a1a22b9d0044b640c1,雪風　進水日,舰队Collection|雪风
5b0181a29f54543b31b3e02f,雪風,舰队Collection|雪风
5b0181a7a22b9d0044b640e7,有希,长门有希|凉宫春日系列
5b0181a517d009726f258dc3,花道誕！,灌篮高手|樱木花道
5b0181a367f356b38bdd1053,桜木花道生誕祭2018,灌篮高手|樱木花道
5b0181ab2f301e0062502fe2,長門有希,长门有希|凉宫春日系列
5b0181b19f54540044d71791,長門さんらくがき,长门有希|凉宫春日系列
5b0181b19f54540044d7179a,壁ドン　長門 有希,长门有希|凉宫春日系列
5b0181b27f6fd3188a65b1ba,【無双】趙雲,赵云|三国无双
5b0181b39f54543b31b3e097,無題,赵云|三国无双
5b0181b59f54540044d717b5,Ruler,贞德|Fate/Apocrypha
5b0181b5fb4ffe005d671bd2,ジャンヌ 浴衣,贞德|Fate/Apocrypha
5b0181b79f54540044d717cb,_(:з)∠)_,贞德|Fate/Apocrypha
5b0181b817d009726f258e38,花と宝石（単品）,宝石之国|钻石
5b0181b9ac502e5deddc5574,Dia Doodle,宝石之国|钻石
5b0181ba7f6fd3188a65b1ee,Diamond,宝石之国|钻石
5b0181bbac502e5deddc557f,パペットビーツ！,立华奏|Angel Beats!
5b0181bc9f5454006f47b6ac,Kanade,立华奏|Angel Beats!
5b0181bd9f54543b31b3e0de,Kana-chan,立华奏|Angel Beats!
5b0181be67f356b38bdd10ee,AB!イラストまとめ,立华奏|Angel Beats!
5b0181bf44d9041d3f21b27f,耳掃除,Angel Beats!|仲村由理
5b0181c067f356b38bdd1104,お花見,Angel Beats!|仲村由理
5b0181c144d9041d3f21b28f,黒崎一護 トレース色ぬり,BLEACH死神|黑崎一护
5b0181c27f6fd3188a65b22c,黒崎一護 <BLEACH>,BLEACH死神|黑崎一护
5b0181c167f356b38bdd110c,ゆりっぺと夜桜,Angel Beats!|仲村由理
5b0181c32f301e0062503069,藍染　誕生日おめでとう,BLEACH死神|蓝染惣右介
5b0181c49f5454006f47b6e0,藍染惣右介,BLEACH死神|蓝染惣右介
5b0181c5fe88c29ab13f19e7,Byakuya,BLEACH死神|朽木白哉
5b0181fa7f6fd3188a65b3c8,らくがき⑫,BLEACH死神|朽木露琪亚
5b0181fba22b9d0044b642f2,恋ルキ詰。②,BLEACH死神|朽木露琪亚
5b0181fc17d009726f258fdb,happybirthday,BLEACH死神|朽木露琪亚
5b01820544d9041d3f21b47a,渚,CLANNAD|古河渚
5b0181fe44d9041d3f21b43e,渚,CLANNAD|古河渚
5b01820617d009726f25902c,渚おめでとう〜！,CLANNAD|古河渚
5b0181ff7f6fd3188a65b3e9,過去絵①,CLANNAD|古河渚
5b01820844d9041d3f21b48f,雰囲気似てるふたり,C.C.|Code Geass 反叛的鲁路修
5b01820ba22b9d0044b64359,朝のひかり,C.C.|Code Geass 反叛的鲁路修
5b018210a22b9d0044b64379,無題,C.C.|Code Geass 反叛的鲁路修
5b0182112f301e0062503298,バニーガール,C.C.|Code Geass 反叛的鲁路修
5b0182129f54543b31b3e2f8,欲しい。。,C.C.|Code Geass 反叛的鲁路修
5b0182149f54540044d71a0f,コードギアス反逆のルルーシュ,Code Geass 反叛的鲁路修|鲁路修·兰佩路基
5b0182159f5454006f47b8d6,ZERO REQUIEM 8th,Code Geass 反叛的鲁路修|鲁路修·兰佩路基
5b0182189f5454006f47b8ec,年賀状2018,EVA|绫波丽
5b0182179f5454006f47b8e2,Happy Birthday To Dear Lelouch,Code Geass 反叛的鲁路修|鲁路修·兰佩路基
5b01822017d009726f2590dd,おさぼり,EVA|绫波丽
5b018226ac502e5deddc583a,無題,EVA|绫波丽
5b01823767f356b38bdd13a3,アスカ,EVA|明日香
5b01823844d9041d3f21b5b3,アスカ,EVA|明日香
5b0182399f54543b31b3e3ba,惣流・アスカ・ラングレー,EVA|明日香
5b01823a44d9041d3f21b5bf,おーいマシュ,玛修·基列莱特|Fate/Grand Order
5b01823bfb4ffe005d671ee1,ふりむきマシュ,玛修·基列莱特|Fate/Grand Order
5b01823c9f54543b31b3e3ca,「あ、あの…そんなにじっと見られると…」,玛修·基列莱特|Fate/Grand Order
5b0182487f6fd3188a65b57d,マシュ,玛修·基列莱特|Fate/Grand Order
5b01824967f356b38bdd1400,※,玛修·基列莱特|Fate/Grand Order
5b01824a9f5454006f47ba01,Gilgamesh,吉尔伽美什|Fate/stay night
5b01824cac502e5deddc592d,金ピカau王,吉尔伽美什|Fate/stay night
5b01824f67f356b38bdd1418,落描き,吉尔伽美什|Fate/stay night
5b0182519f54540044d71b63,涙,吉尔伽美什|Fate/stay night
5b018252fb4ffe005d671f5d,おはよーございます,Fate/stay night|间桐樱
5b01825744d9041d3f21b65e,間桐桜,Fate/stay night|间桐樱
5b018259ac502e5deddc596f,お花見,Fate/stay night|间桐樱
5b01825bfe88c29ab13f1e1b,さくらいだー,Fate/stay night|间桐樱
5b01825afe88c29ab13f1e0c,美味しく出来ました♥,Fate/stay night|间桐樱
5b01825cfe88c29ab13f1e2a,間桐桜,Fate/stay night|间桐樱
5b01825c2f301e0062503461,ことりちゃん,LoveLive!|南小鸟
5b01825d9f54540044d71bb9,春になりました,LoveLive!|南小鸟
5b0182629f54540044d71be7,ことりちゃんと桜！,LoveLive!|南小鸟
5b0182637f6fd3188a65b633,ことり(・8・)バレンタイン,LoveLive!|南小鸟
5b0182647f6fd3188a65b640,ハッピーバレンタイン！,LoveLive!|南小鸟
5b018264ac502e5deddc59ef,2018描き初め,LoveLive!|南小鸟
5b018265a22b9d0044b645a8,メイドことり,LoveLive!|南小鸟
5b0182669f5454006f47bade,No Name,LoveLive!|矢泽妮可
5b0182682f301e00625034fb,スクフェスタップボイス矢澤,LoveLive!|矢泽妮可
5b018267fb4ffe005d672004,No Name,LoveLive!|矢泽妮可
5b0182697f6fd3188a65b67b,練習の準備をするにこ,LoveLive!|矢泽妮可
5b01826aac502e5deddc5a23,バレンタイン編にこ覚醒前,LoveLive!|矢泽妮可
5b01826b2f301e006250350a,スクフェスタップボイス矢澤,LoveLive!|矢泽妮可
5b01826cac502e5deddc5a31,7th album center Sonoda Umi,LoveLive!|园田海未
5b01826dac502e5deddc5a3f,Sonoda Umi Fansign,LoveLive!|园田海未
5b01826e44d9041d3f21b73a,Halloween ,LoveLive!|园田海未
5b01826f9f54540044d71c4b,うっみうっみうー！,LoveLive!|园田海未
5b0182709f54543b31b3e52d,soldier game,LoveLive!|园田海未
5b018271fb4ffe005d67204a,海未ちゃん,LoveLive!|园田海未
5b01827467f356b38bdd1528,Ainz Ooal Gown Avatar,安兹·乌尔·恭|Overlord
5b0182729f54540044d71c61,No Name,安兹·乌尔·恭|Overlord
5b01827567f356b38bdd1535,ainz ooal gown オーバーロード,安兹·乌尔·恭|Overlord
5b018276a22b9d0044b6460f,アルベド,Overlord|雅儿贝德
5b01827744d9041d3f21b771,アルベド,Overlord|雅儿贝德
5b018279fb4ffe005d67207e,メード,Overlord|雅儿贝德
5b018278fb4ffe005d672077,Albedo ><,Overlord|雅儿贝德
5b01827967f356b38bdd155d,ミク,VOCALOID 22223333|VOCALOID 22223333
5b01827a9f5454006f47bb57,エロマンガ先生,和泉纱雾|埃罗芒阿老师
5b01827b9f54540044d71c9c,エロマンガ先生,和泉纱雾|埃罗芒阿老师
5b01827c44d9041d3f21b79c,和泉紗霧,和泉纱雾|埃罗芒阿老师
5b01827dfb4ffe005d6720a4,エロマンガ先生,和泉纱雾|埃罗芒阿老师
5b01827e2f301e006250359c,紗霧誕,和泉纱雾|埃罗芒阿老师
5b01827ffb4ffe005d6720db,ランカ・リー,兰卡李|超时空要塞F
5b01827f67f356b38bdd1588,ランカ,兰卡李|超时空要塞F
5b018280fe88c29ab13f1f7f,ランカちゃん,兰卡李|超时空要塞F
5b018281a22b9d0044b64681,sheryl nome,超时空要塞F|雪莉露·诺姆
5b01828244d9041d3f21b7e8,甘い香り,超时空要塞F|雪莉露·诺姆
5b018283ac502e5deddc5ae5,水着De Show !,超时空要塞F|雪莉露·诺姆
5b0182849f54543b31b3e5c8,ワルキューレ！！,芙蕾雅·薇恩|超时空要塞Δ
5b018286fb4ffe005d67210c,準備はいいんかね,芙蕾雅·薇恩|超时空要塞Δ
5b01828544d9041d3f21b7f9,フレイア·ヴィオン,芙蕾雅·薇恩|超时空要塞Δ
5b0182879f54543b31b3e5da,フレイア,芙蕾雅·薇恩|超时空要塞Δ
5b01828867f356b38bdd15e0,ワル裏の,芙蕾雅·薇恩|超时空要塞Δ
5b01828944d9041d3f21b80b,レッスン着フレイア,芙蕾雅·薇恩|超时空要塞Δ
5b01828b67f356b38bdd15f0,美雲さん！,超时空要塞Δ|美云·吉努梅尔
5b01828afb4ffe005d672129,フレイア誕生日,芙蕾雅·薇恩|超时空要塞Δ
5b01828d17d009726f2593ba,Δ,超时空要塞Δ|美云·吉努梅尔
5b01828c9f54543b31b3e5f6,美雲・ギンヌメール,超时空要塞Δ|美云·吉努梅尔
5b0182919f5454006f47bbde,美雲さん,超时空要塞Δ|美云·吉努梅尔
5b0182932f301e0062503639,結城美柑,出包王女|结城美柑
5b018292a22b9d0044b646ed,yuuki mikan,出包王女|结城美柑
5b01829467f356b38bdd1628,結城美柑!!,出包王女|结城美柑
5b0182957f6fd3188a65b7ae,美柑とやさしい桜,出包王女|结城美柑
5b0182969f54540044d71d48,うまるーん,土间埋|干物妹！小埋
5b0182979f5454006f47bc04,UMR ! ! !,土间埋|干物妹！小埋
5b0182989f5454006f47bc0e,模写,土间埋|干物妹！小埋
5b018299a22b9d0044b64713,うまるちゃん,土间埋|干物妹！小埋
5b01829a67f356b38bdd164c,主页,波雅·汉库克|海贼王
5b01829b9f54540044d71d6b,メロメロメロ　パワー！,波雅·汉库克|海贼王
5b01829cfe88c29ab13f2037,わらわは許されるっ！,波雅·汉库克|海贼王
5b01829d17d009726f25942c,蛇姫,波雅·汉库克|海贼王
5b01829e9f54540044d71d7c,OP LOG8,海贼王|路飞
5b01829f7f6fd3188a65b7ed,Twitter,海贼王|路飞
5b0182a07f6fd3188a65b7f6,モンキー・D・ルフィ,海贼王|路飞
5b0182a1a22b9d0044b6474c,luffy,海贼王|路飞
5b0182a29f5454006f47bc75,船長,海贼王|路飞
5b0182a39f54540044d71dab,Nico Robin: Miss All Sunday,海贼王|罗宾
5b0182a49f5454006f47bc95,ニコ·ロビンNico Robin,海贼王|罗宾
5b0182a5fb4ffe005d6721c7,ロビン,海贼王|罗宾
5b0182a6ac502e5deddc5bbc,Selfie Time (Nami),海贼王|娜美
5b0182a67f6fd3188a65b825,Bunny Girl Nami,海贼王|娜美
5b0182a72f301e00625036b9,ナミ,海贼王|娜美
5b0182a9ac502e5deddc5bcf,ドモン,多蒙·卡修|机动武斗传G高达
5b0182a99f54543b31b3e6a4,ドモーン2,多蒙·卡修|机动武斗传G高达
5b0182aa9f54540044d71dde,キング・オブ・ハート,多蒙·卡修|机动武斗传G高达
5b0182ab44d9041d3f21b8ea,シャア·アズナブル,夏亚·阿兹纳布尔|机动战士高达0079
5b0182adfb4ffe005d6721f9,ミアたん,舰队Collection|岛风
5b0182ae7f6fd3188a65b853,ぜかまし,舰队Collection|岛风
5b0182ac44d9041d3f21b8f6,CharAznable TS,夏亚·阿兹纳布尔|机动战士高达0079
5b0182bbac502e5deddc5c52,ぜかまし！,舰队Collection|岛风
5b0182bc9f54540044d71e60,岛风,舰队Collection|岛风
5b0182c19f5454006f47bd61,しまかぜ,舰队Collection|岛风
5b0182c244d9041d3f21b97a,ぜかまし！,舰队Collection|岛风
5b0182c3ac502e5deddc5c81,高速強襲機甲兵さん エレンver.,利威尔·阿克曼|进击的巨人
5b0182c47f6fd3188a65b8ef,ハルヒ,凉宫春日系列|凉宫春日
5b0182c69f54543b31b3e751,涼宮ハルヒ,凉宫春日系列|凉宫春日
5b0182c6a22b9d0044b64861,07_ 涼宮ハルヒ,凉宫春日系列|凉宫春日
5b0182c49f54540044d71e9b,兵长,利威尔·阿克曼|进击的巨人
5b0182ea7f6fd3188a65b9cd,ハルヒ,凉宫春日系列|凉宫春日
5b0182eb9f54543b31b3e843,I found you,凉宫春日系列|凉宫春日
5b0182ed9f5454006f47bea8,りゅうおうのおしごと,雏鹤爱|龙王的工作！
5b0182efa22b9d0044b6496d,あいちゃん！,雏鹤爱|龙王的工作！
5b0182f29f54543b31b3e871,春の訪れ,雏鹤爱|龙王的工作！
5b0182f4a22b9d0044b6497f,さあ、一緒に将棋を楽しくしよう,雏鹤爱|龙王的工作！
5b0182f567f356b38bdd18d6,りゅうおうのおしごと！,雏鹤爱|龙王的工作！
5b0182f8fe88c29ab13f22ac,第二婦人～,龙王的工作！|夜叉神天衣
5b0182faa22b9d0044b649a6,天ちゃん,龙王的工作！|夜叉神天衣
5b0182f99f5454006f47bee3,夜叉神天衣,龙王的工作！|夜叉神天衣
5b0183009f5454006f47bf08,夜叉神　天衣,龙王的工作！|夜叉神天衣
5b0182fbfb4ffe005d6723f0,猫耳天衣ちゃん,龙王的工作！|夜叉神天衣
5b0183029f5454006f47bf17,逢坂大河,逢坂大河|龙与虎
5b018303ac502e5deddc5e37,逢坂大河,逢坂大河|龙与虎
5b018304fe88c29ab13f22e9,逢坂大河,逢坂大河|龙与虎
5b0183059f54543b31b3e8ce,【とらドラ！】逢坂大河,逢坂大河|龙与虎
5b018306fb4ffe005d672431,☽,月野兔|美少女战士
5b018309ac502e5deddc5e7e,Sailor moon · ss,月野兔|美少女战士
5b018307ac502e5deddc5e68,セーラームーン,月野兔|美少女战士
5b01830b67f356b38bdd196d,月野 うさぎ,月野兔|美少女战士
5b01830ca22b9d0044b64a0b,卖萌哀,灰原哀|名侦探柯南
5b018317ac502e5deddc5ebb,灰原哀,灰原哀|名侦探柯南
5b0183149f5454006f47bf78,三色団子を頬張る哀ちゃん,灰原哀|名侦探柯南
5b01831cfb4ffe005d6724b9,買いかぶりすぎだよ…,名侦探柯南|江户川柯南
5b018324ac502e5deddc5f09,水面の構図,名侦探柯南|江户川柯南
5b01832544d9041d3f21bbea,江戸川コナン,名侦探柯南|江户川柯南
5b01832517d009726f25978d,小兰,名侦探柯南|毛利兰
5b0183279f54540044d72102,チア美琴,魔法禁书目录|御坂美琴|科学超电磁炮
5b0183289f54543b31b3e995,御坂美琴,魔法禁书目录|御坂美琴|科学超电磁炮
5b0183299f54543b31b3e9a2,ビキニ　美琴ちゃん,魔法禁书目录|御坂美琴|科学超电磁炮
5b01832b9f54540044d7211e,ミサカミコト,魔法禁书目录|御坂美琴|科学超电磁炮
5b01832a67f356b38bdd1a26,御坂美琴,魔法禁书目录|御坂美琴|科学超电磁炮
5b018330fe88c29ab13f2403,御坂美琴 with ゲコ太,魔法禁书目录|御坂美琴|科学超电磁炮
5b01832c9f54543b31b3e9be,无,魔法禁书目录|御坂美琴|科学超电磁炮
5b018332fb4ffe005d67253d,まどっち(就寝前),鹿目圆|魔法少女小圆
5b018331ac502e5deddc5f7e,まどか,鹿目圆|魔法少女小圆
5b018334fb4ffe005d67254e,マギ☆レコ配信おめでとう！,鹿目圆|魔法少女小圆
5b018333a22b9d0044b64aea,鹿目まどか,鹿目圆|魔法少女小圆
5b0183357f6fd3188a65bb58,★,魔卡少女樱|大道寺知世
5b01833c9f54543b31b3ea15,はにゃーぬ,魔卡少女樱|月城雪兔
5b01833b9f54540044d72179,雪兎,魔卡少女樱|月城雪兔
5b01833afb4ffe005d67256c,Tomoyo,魔卡少女樱|大道寺知世
5b01833d44d9041d3f21bc87,主页&Twitter,魔卡少女樱|月城雪兔
5b01833e44d9041d3f21bc97,ヨルハ二号B型,尼尔 机械纪元|2B
5b01833f9f54543b31b3ea52,宝箱になって,尼尔 机械纪元|2B
5b01834167f356b38bdd1abb,2B,尼尔 机械纪元|2B
5b01834767f356b38bdd1ad5,水銀燈,水银灯|蔷薇少女
5b01834217d009726f259840,２B,尼尔 机械纪元|2B
5b018353fe88c29ab13f24ba,水銀燈,水银灯|蔷薇少女
5b0183547f6fd3188a65bc10,祝☆2巻発売,水银灯|蔷薇少女
5b0183542f301e0062503ad8,銀様,水银灯|蔷薇少女
5b01835644d9041d3f21bd0a,水銀燈,水银灯|蔷薇少女
5b018358a22b9d0044b64bab,No Name,蔷薇少女|翠星石
5b0183597f6fd3188a65bc2c,翠星石,蔷薇少女|翠星石
5b01835e44d9041d3f21bd44,翠星石,蔷薇少女|翠星石
5b01835f67f356b38bdd1b5a,2017唯誕,平沢唯|轻音少女
5b01836044d9041d3f21bd5b,「平沢 唯」けいおん!!,平沢唯|轻音少女
5b018364fe88c29ab13f2525,唯誕2016!!,平沢唯|轻音少女
5b018365ac502e5deddc60a1,唯・誕,平沢唯|轻音少女
5b0183679f54540044d72263,梓誕1ヶ月遅れ（汗）・・,轻音少女|中野梓
5b0183699f54543b31b3eb37,島風あずにゃん,轻音少女|中野梓
5b01836ca22b9d0044b64c11,♡♥ここちの♥♡,保登心爱|请问您今天要来点兔子吗？
5b01836f2f301e0062503b62,ココアさんハッピーバースディ！！,保登心爱|请问您今天要来点兔子吗？
5b01836a44d9041d3f21bd93,あずにゃん,轻音少女|中野梓
5b018372a22b9d0044b64c3b,きらきらの桜,保登心爱|请问您今天要来点兔子吗？
5b018375ac502e5deddc60ea,新年ココアさん,保登心爱|请问您今天要来点兔子吗？
5b0183769f54540044d722be,☆チノちゃん☆,请问您今天要来点兔子吗？|香风智乃
5b01837a44d9041d3f21bde6,チノちゃん誕生祭2017,请问您今天要来点兔子吗？|香风智乃
5b01837cfe88c29ab13f2599,✩魔法少女チノちゃん✩,请问您今天要来点兔子吗？|香风智乃
5b0183809f5454006f47c201,風邪,请问您今天要来点兔子吗？|香风智乃
5b018382a22b9d0044b64ca4,高校生チノちゃん,请问您今天要来点兔子吗？|香风智乃
5b01838517d009726f2599c8,杀生丸せっしょうまる,犬夜叉|杀生丸
5b018384fe88c29ab13f25e4,无题,犬夜叉|杀生丸
5b018386a22b9d0044b64ccc,田所恵,田所惠|食戟之灵
5b0183889f5454006f47c243,夏,田所惠|食戟之灵
5b01838afe88c29ab13f2617,[Shokugeki no Soma] Megumi,田所惠|食戟之灵
5b01838b44d9041d3f21be77,Dangerous Beast Alice,食戟之灵|薙切爱丽丝
5b01838d2f301e0062503c22,Alice Nakiri - 04,食戟之灵|薙切爱丽丝
5b01838e67f356b38bdd1ca8,無題,食戟之灵|薙切爱丽丝
5b01838f9f54543b31b3ec3c,えりな様,食戟之灵|薙切绘里奈
5b0183902f301e0062503c3a,薙切えりな,食戟之灵|薙切绘里奈
5b0183929f54543b31b3ec50,薙切　えりな,食戟之灵|薙切绘里奈
5b0183999f54543b31b3ec8c,Erina,食戟之灵|薙切绘里奈
5b01839a44d9041d3f21becb,はぴば！,不二周助|网球王子
5b01839e9f54540044d723b5,リョーマ,网球王子|越前龙马
5b0183a944d9041d3f21bf24,リョーマくんおめでとう！！！！！,网球王子|越前龙马
5b0183ab7f6fd3188a65be43,面码~,本间芽衣子|我们仍未知道那天所看见的花的名字
5b0183aea22b9d0044b64de8,めんま,本间芽衣子|我们仍未知道那天所看见的花的名字
5b0183ac9f54543b31b3ed2e,无,本间芽衣子|我们仍未知道那天所看见的花的名字
5b0183affe88c29ab13f26cd,無題,康娜卡姆依|小林家的龙女仆
5b0183b0ac502e5deddc628a,小林さんちのメイドラゴン カンナ,康娜卡姆依|小林家的龙女仆
5b0183b1a22b9d0044b64dfb,かんなちゃん,康娜卡姆依|小林家的龙女仆
5b0183b2ac502e5deddc6295,カンナ,康娜卡姆依|小林家的龙女仆
5b0183b344d9041d3f21bf68,カンナ様,康娜卡姆依|小林家的龙女仆
5b0183b47f6fd3188a65be79,トールちゃん,小林家的龙女仆|托尔
5b0183b57f6fd3188a65be86,無題,小林家的龙女仆|托尔
5b0183b944d9041d3f21bfa0,No Name,小林家的龙女仆|托尔
5b0183bca22b9d0044b64e2e,トール,小林家的龙女仆|托尔
5b0183bd9f54540044d724a1,リナ=インバース【＋林原キャラ】,莉娜.因巴斯|秀逗魔导士
5b0183bea22b9d0044b64e3a,リナさん,莉娜.因巴斯|秀逗魔导士
5b0183bf67f356b38bdd1de1,2015年年賀状,莉娜.因巴斯|秀逗魔导士
5b0183c3ac502e5deddc6311,リナさん,莉娜.因巴斯|秀逗魔导士
5b0183c49f54540044d724cf,勝利はあたしのためにある！,莉娜.因巴斯|秀逗魔导士
5b0183c52f301e0062503d83,lucy,妖精的尾巴|露西·哈特菲利亚
5b0183c59f5454006f47c399,OPM,一拳超人|埼玉
5b0183c72f301e0062503d94,ワンパンマンツイーターLOG①,一拳超人|埼玉
5b0183c82f301e0062503d9b,王道をいく,一拳超人|埼玉
5b0183c89f54543b31b3ede9,One Punch Man - Saitama,一拳超人|埼玉
5b0183c99f5454006f47c3b8,ワンパンログ②,一拳超人|埼玉
5b0183cafb4ffe005d6728c5,一殴必勝,一拳超人|埼玉
5b0183cb9f54540044d72500,One-Punch Man,一拳超人|埼玉
5b0183ccfb4ffe005d6728d4,嫁,银魂|坂田银时
5b0183cd2f301e0062503db1,おたんじょうびおめでとう,银魂|坂田银时
5b0183ce17d009726f259b7c,ぎんたまらくがき,银魂|坂田银时
5b0183cf67f356b38bdd1e3e,「グロリアスデイズ」（2015’銀誕）,银魂|坂田银时
5b0183d09f54543b31b3ee27,【銀誕】さよならの向う側,银魂|坂田银时
5b0183d2fe88c29ab13f278c,坂田と土方とα,银魂|坂田银时
5b0183d3fb4ffe005d672915,重っ,银魂|坂田银时
5b0183d4a22b9d0044b64eb5,つめこんだ５,银魂|坂田银时
5b01842417d009726f259dc6,20171208,神乐|银魂
5b0183d59f5454006f47c400,理性が…,神乐|银魂
5b018425fb4ffe005d672af6,神楽,神乐|银魂
5b0184267f6fd3188a65c11f,一生掛けていじめてやらァ,神乐|银魂
5b01842667f356b38bdd2071,かぐら,神乐|银魂
5b01842767f356b38bdd207a,無題,神乐|银魂
5b0184282f301e0062503fae,いっぱい食べる君が,神乐|银魂
5b0184299f5454006f47c600,ぐらさん,神乐|银魂
5b01842a9f54540044d7272d,ホワイト・マジシャン・ガール,黑魔导女孩|游戏王
5b01844717d009726f259ec7,ドン☆,黑魔导女孩|游戏王
5b0184487f6fd3188a65c219,マスター？,黑魔导女孩|游戏王
5b0184497f6fd3188a65c220,守備表示で召喚,黑魔导女孩|游戏王
5b01844a2f301e0062504096,【塗り絵】俺たちの嫁,黑魔导女孩|游戏王
5b01844c44d9041d3f21c34e,スウィートバレンタイン,夏娜|灼眼的夏娜
5b01844a9f5454006f47c731,シャナ,夏娜|灼眼的夏娜
5b01844c9f54543b31b3f116,桜,夏娜|灼眼的夏娜
5b01844e17d009726f259ef4,シャナキス3,夏娜|灼眼的夏娜
5b01844e7f6fd3188a65c252,シャナ,夏娜|灼眼的夏娜
5b01844f17d009726f259f07,赤鬼,夏娜|灼眼的夏娜
5b018450a22b9d0044b651d3,アスラン·ザラ,机动战士高达SEED|阿斯兰
5b01845217d009726f259f1c,さくら咲け,火影忍者|春野樱
5b018451a22b9d0044b651dc,Happy New Year 2018,机动战士高达SEED|阿斯兰
5b0184539f54540044d7283d,43187,火影忍者|春野樱
5b01845444d9041d3f21c381,,火影忍者|春野樱
5b0184559f5454006f47c771,サスサクまとめ,火影忍者|春野樱
5b0184557f6fd3188a65c27e,むぅ,冲田总司|Fate/Grand Order
5b01845644d9041d3f21c38f,春,冲田总司|Fate/Grand Order
5b01845717d009726f259f3a,沖田さん,冲田总司|Fate/Grand Order
5b0184589f5454006f47c78a,沖田！,冲田总司|Fate/Grand Order
5b0184599f54543b31b3f15e,沖田,冲田总司|Fate/Grand Order
5b01845a67f356b38bdd21b2,沖田さん,冲田总司|Fate/Grand Order
5b0184607f6fd3188a65c2b6,なのはさん,高町奈叶|魔法少女奈叶
5b01846517d009726f259f84,なのはReflection映画記念,高町奈叶|魔法少女奈叶
5b01845b9f54543b31b3f16b,Comm 7,冲田总司|Fate/Grand Order
5b01846aa22b9d0044b65266,雨,高町奈叶|魔法少女奈叶
5b01846b9f54540044d728fe,なのはのおもらし,高町奈叶|魔法少女奈叶
5b01846c2f301e00625041a4,成長期なのはさん,高町奈叶|魔法少女奈叶
5b01846fac502e5deddc6739,なのはさん　水着,高町奈叶|魔法少女奈叶
5b018470ac502e5deddc6743,20171212,赫萝|狼与香辛料
5b01847144d9041d3f21c424,20180113,赫萝|狼与香辛料
5b018472fb4ffe005d672ccb,豊穣,赫萝|狼与香辛料
5b01847bfb4ffe005d672d03,さぁ、実験をはじめましょうか！まひろさん,奈亚子|潜行吧！奈亚子
5b01847ca22b9d0044b652bd,ニャル子さんカード絵3,奈亚子|潜行吧！奈亚子
5b01847aa22b9d0044b652b4,賢狼ホロ,赫萝|狼与香辛料
5b018479ac502e5deddc6773,狼,赫萝|狼与香辛料
5b01847d9f5454006f47c83c,らくがき,奈亚子|潜行吧！奈亚子
5b01848017d009726f25a015,Nyaruko~,奈亚子|潜行吧！奈亚子
5b0184819f54543b31b3f234,邪神ワンピ,奈亚子|潜行吧！奈亚子
5b01848244d9041d3f21c478,たわわっぱい　その15,小爱|星期一的丰满
5b018483ac502e5deddc67ae,アイちゃん,小爱|星期一的丰满
5b0184862f301e006250421c,そこで待ってろ！,魔法禁书目录|一方通行
5b01848444d9041d3f21c483,no title,小爱|星期一的丰满
5b01848917d009726f25a055,一方通行·黑翼,魔法禁书目录|一方通行
5b01848a7f6fd3188a65c38b,とある落書き6,魔法禁书目录|一方通行
5b01848bac502e5deddc67dc,とある落書き2,魔法禁书目录|一方通行
5b0184937f6fd3188a65c3bd,天使,爱蜜莉雅|Re：从零开始的异世界生活
5b01849067f356b38bdd22e1,i love Emilia,爱蜜莉雅|Re：从零开始的异世界生活
5b01849a9f54543b31b3f2cf,Emilie E.M.T,爱蜜莉雅|Re：从零开始的异世界生活
5b0184a49f54543b31b3f31b,艦これ 北方捿姫,舰队Collection|北方栖姬
5b01849f9f5454006f47c96b,エミリアさん,爱蜜莉雅|Re：从零开始的异世界生活
5b01849d9f5454006f47c95c,膝枕されたい,爱蜜莉雅|Re：从零开始的异世界生活
5b0184a59f5454006f47c991,北方棲姫様が地獄の特訓に挑む,舰队Collection|北方栖姬
5b0184a6fe88c29ab13f2cca,ほっぽちゃん,舰队Collection|北方栖姬
5b0184a07f6fd3188a65c42f,「エミリア」(アニメ「Re:ゼロから始める異世界生活」より),爱蜜莉雅|Re：从零开始的异世界生活
5b0184a39f54543b31b3f313,エミリア,爱蜜莉雅|Re：从零开始的异世界生活
5b0184a7a22b9d0044b653bb,スイカ食べたい,舰队Collection|北方栖姬
5b0184a8fb4ffe005d672e72,ほっぽちゃん❣️,舰队Collection|北方栖姬
5b0184adac502e5deddc68a4,Akame,斩·赤红之瞳！|赤瞳
5b0184b167f356b38bdd2399,2017.2.3,斩·赤红之瞳！|赤瞳
5b0184b29f54540044d72ac1,アカメが斬るよー(´ε｀ ),斩·赤红之瞳！|赤瞳
5b0184b07f6fd3188a65c4b7,アカメが斬る！,斩·赤红之瞳！|赤瞳
5b0184b8fb4ffe005d672ebf,博麗霊夢,博丽灵梦|东方PROJECT
5b0184b99f54540044d72ae1,霊夢,博丽灵梦|东方PROJECT
5b0184beac502e5deddc6931,はくれい れいむ,博丽灵梦|东方PROJECT
5b0184c02f301e0062504399,ポニテきりりん,高坂桐乃|我的妹妹不可能这么可爱
5b0184c19f5454006f47ca49,絵にっき３３０,高坂桐乃|我的妹妹不可能这么可爱
5b0184bf44d9041d3f21c60c,春麗 2009,街霸|春丽
5b0184c29f54540044d72b2a,桐乃ちゃん,高坂桐乃|我的妹妹不可能这么可爱
5b0184c4a22b9d0044b6545d,桐乃　猫ランジェリー,高坂桐乃|我的妹妹不可能这么可爱
5b0184c39f54540044d72b37,KRRN,高坂桐乃|我的妹妹不可能这么可爱
5b0184c7fe88c29ab13f2d8a,織姫ちゃん,BLEACH死神|井上织姬
5b0184c8a22b9d0044b6547e,xxx,BLEACH死神|井上织姬
5b0184c5a22b9d0044b65472,ハッピーバースデイきりりん！,高坂桐乃|我的妹妹不可能这么可爱
5b0184c9fb4ffe005d672f24,♡,BLEACH死神|井上织姬
5b0184c62f301e00625043c9,胸開きタートルネックきりりん,高坂桐乃|我的妹妹不可能这么可爱
5b0184ca67f356b38bdd2448,クラウド,最终幻想7|克劳德
5b0184cb44d9041d3f21c6b8,キリン娘さん,麒麟娘|怪物猎人
5b0184ce7f6fd3188a65c57a,キリンちゃん,麒麟娘|怪物猎人
5b0184cffb4ffe005d672f4d,キリンRさん,麒麟娘|怪物猎人
5b0184d044d9041d3f21c700,制服キリトくん,刀剑神域|桐人
5b0184d144d9041d3f21c711,キリト誕2017,刀剑神域|桐人
5b0184d59f5454006f47cac6,The Ordinal Scale,刀剑神域|桐人
5b0184d49f54540044d72b97,Happy Birthday,刀剑神域|桐人
5b0184d89f5454006f47cad9,無名ちゃん,无名|甲铁城的卡巴内瑞
5b0184d244d9041d3f21c71e,キリトまとめ,刀剑神域|桐人
5b0184d9a22b9d0044b654e6,（〃｀ 3′〃）,无名|甲铁城的卡巴内瑞
5b0184e29f5454006f47cb10,無名ちゃん,无名|甲铁城的卡巴内瑞
5b0184e42f301e0062504467,無名,无名|甲铁城的卡巴内瑞
5b0184e5fb4ffe005d672fca,黒猫誕生日おめでとう,我的妹妹不可能这么可爱|五更琉璃
5b0184e69f54540044d72be9,瑠璃ちゃん誕生日おめでとう!!,我的妹妹不可能这么可爱|五更琉璃
5b0184e89f54540044d72bf4,黒猫,我的妹妹不可能这么可爱|五更琉璃
5b0184eafb4ffe005d672ffa,インなんとかさん,魔法禁书目录|茵蒂克丝
5b0184f0a22b9d0044b65555,小鳥遊六花,小鸟游六花|中二病也要谈恋爱！
5b0184ebfe88c29ab13f2e74,インデックス,魔法禁书目录|茵蒂克丝
5b0184e99f54540044d72c01,インデックス,魔法禁书目录|茵蒂克丝
5b0184f167f356b38bdd2556,小鳥遊 六花,小鸟游六花|中二病也要谈恋爱！
5b0184f59f5454006f47cb86,ユウナ,尤娜|最终幻想10
5b0184f4ac502e5deddc6a99,りっか,小鸟游六花|中二病也要谈恋爱！
5b0184f7fe88c29ab13f2ebb,思い出ばなしは,尤娜|最终幻想10
5b0184f89f54540044d72c82,また会えるね,尤娜|最终幻想10
5b0184f9ac502e5deddc6abb,Are you ready for tonight?,火影忍者|宇智波佐助
5b0184fdfe88c29ab13f2eec,英梨々 Part 2,路人女主的养成方法|泽村·史宾瑟·英梨梨
5b0184faa22b9d0044b65595,実家での修業その2,路人女主的养成方法|泽村·史宾瑟·英梨梨
5b0184ff17d009726f25a334,謎のヒロインX,Fate/stay night|阿尔托利亚·潘德拉贡
5b0184fcfb4ffe005d673069,英梨々,路人女主的养成方法|泽村·史宾瑟·英梨梨
5b0184fefb4ffe005d67307a,英梨々,路人女主的养成方法|泽村·史宾瑟·英梨梨
5b0185022f301e0062504530,セイバーオルタ,Fate/stay night|阿尔托利亚·潘德拉贡
5b01850367f356b38bdd25ad,セイバーオルタ,Fate/stay night|阿尔托利亚·潘德拉贡
5b0185049f5454006f47cbe2,セイバー,Fate/stay night|阿尔托利亚·潘德拉贡
5b018507ac502e5deddc6b07,セイバーリリィ,Fate/stay night|阿尔托利亚·潘德拉贡
5b01850d9f5454006f47cc56,イシュタル,Fate/stay night|远坂凛
5b01850ea22b9d0044b65618,Rin,Fate/stay night|远坂凛
5b0185159f54543b31b3f64f,憩いの時間,Fate/stay night|远坂凛
5b01850b17d009726f25a392,クー・フー凛,Fate/stay night|远坂凛
5b01851617d009726f25a3d7,無題,Fate/stay night|远坂凛
5b018518fe88c29ab13f2f99,ラム,Re：从零开始的异世界生活|拉姆
5b0185192f301e0062504627,ラーメン大好きラムさん＿おふざけ,Re：从零开始的异世界生活|拉姆
5b01851a44d9041d3f21c8f8,レム,Re：从零开始的异世界生活|雷姆
5b01851c44d9041d3f21c904,レム,Re：从零开始的异世界生活|雷姆
5b01851d9f54540044d72d78,レム,Re：从零开始的异世界生活|雷姆
5b018528fe88c29ab13f2fef,レム,Re：从零开始的异世界生活|雷姆
5b01852b7f6fd3188a65c7d6,Re:ゼロ,Re：从零开始的异世界生活|雷姆
5b01852aa22b9d0044b656c3,レム!,Re：从零开始的异世界生活|雷姆
5b01852aac502e5deddc6be7,れむ,Re：从零开始的异世界生活|雷姆
5b01852ea22b9d0044b656da,アスナさん,刀剑神域|亚丝娜/结城明日奈
5b0185322f301e00625046c4,スク水アスナ,刀剑神域|亚丝娜/结城明日奈
5b01852c44d9041d3f21c982,レムりん~!,Re：从零开始的异世界生活|雷姆
5b0185329f5454006f47cd54,【お題箱】ソードアート・オンライン/アスナ,刀剑神域|亚丝娜/结城明日奈
5b0185349f54543b31b3f6f0,アスナ SAO - 抱き枕,刀剑神域|亚丝娜/结城明日奈
5b018534a22b9d0044b6572a,あすなさん,刀剑神域|亚丝娜/结城明日奈
5b01853efe88c29ab13f3089,RKGK,进击的巨人|三笠·阿克曼
5b0185372f301e00625046ed,遥か彼方、僕らを待つ まだ見ぬ未来へと‥,黑雪姬|加速世界
5b018538a22b9d0044b65749,クロユキ ヒメ,黑雪姬|加速世界
5b01853f9f54543b31b3f738,秋山澪,轻音少女|秋山澪
5b0185409f54543b31b3f73f,2018澪誕,轻音少女|秋山澪
5b0185429f5454006f47cdb5,Mio,轻音少女|秋山澪
5b01854744d9041d3f21ca4c,Idol Kurumi,时崎狂三|约会大作战
5b018546ac502e5deddc6ca3,時崎狂三,时崎狂三|约会大作战
5b01854c9f54540044d72edb,くるみん,时崎狂三|约会大作战
5b01854d44d9041d3f21ca79,四糸乃,约会大作战|四糸乃
5b0185482f301e0062504771,くるみさん,时崎狂三|约会大作战
5b01854e2f301e00625047c3,四糸乃,约会大作战|四糸乃
5b0185529f54540044d72f0a,琴里,约会大作战|五河琴里
5b01855367f356b38bdd27dd,いつか ことり スタイル改,约会大作战|五河琴里
5b01855017d009726f25a566,四糸乃(ノ=´∀｀=)ノLOVE♪！,约会大作战|四糸乃
5b0185557f6fd3188a65c921,五河琴里,约会大作战|五河琴里
5b0185589f54543b31b3f7d1,十香,约会大作战|夜刀神十香
5b01855d44d9041d3f21cac2,夜刀神 十香 Redraw,约会大作战|夜刀神十香
5b01855e9f5454006f47ce83,デート・ア・ライブまとめ,约会大作战|夜刀神十香
5b01856367f356b38bdd282a,Metatron Origami,约会大作战|鸢一折纸
5b01856a44d9041d3f21cb12,無題,坂本|在下坂本，有何贵干？
5b0185609f54540044d72f53,鳶一折紙,约会大作战|鸢一折纸
5b01856bfe88c29ab13f31ad,いのり,楪祈|罪恶王冠
5b01856c9f5454006f47cece,楪いのり,楪祈|罪恶王冠
5b01856da22b9d0044b658ed,楪いのり,楪祈|罪恶王冠
5b01856e7f6fd3188a65c99e,中に誰もいませんよ,School Days|桂言叶
5b0185707f6fd3188a65c9ac,謹賀新年,夏娜|灼眼的夏娜
5b0185799f54540044d72fd8,Kato Cilik ,路人女主的养成方法|加藤惠
5b01857a44d9041d3f21cb75,32312312,路人女主的养成方法|加藤惠
5b018576ac502e5deddc6de0,HALLOWEEN,夏娜|灼眼的夏娜
5b01857d7f6fd3188a65c9fe,78798,路人女主的养成方法|加藤惠
5bcfdf6d0b61600066b0972a,测试11133434111,aaa
5b8e350c808ca4003dcde893,test,测试新图2
5b018580fe88c29ab13f3219,さくらちゃん,魔卡少女樱|木之本樱
5bcfdf7717d0090062c58bc3,测试11133434111,aaa
5b01858a7f6fd3188a65ca5b,31232312mm,魔卡少女樱|木之本樱
5bcfdfbbee920a0068b2e604,测试11133434111,aaa
5bcfe0249f545400666894c9,测试11133434111,
5bcfe00fac502e0061a02f01,测试11133434111,aaa
5b8e39ea0b616000634ae036,TTT,
5b01858ba22b9d0044b659ae,春日野 穹,穹妹|春日野穹|缘之空
5bcfe76b9f5454006ed299b2,草稿,
5bcfe70dee920a0068b35889,测试草稿,编辑功能测试|踩楼活动中奖名单
5bcfeb86ee920a0068b391c9,testt,编辑功能测试|12323|测试新图2|aaa
5bd2be5b44d904005e9ccc39,测试,
5bd2cd82ee920a0068dee598,保存草稿test,
5bd03194ee920a0068b75fcf,test009,2|aaa
5bd2d012ac502e0061c36fff,123123213123123,test
5bd2cdefac502e0061c34f95,1213122131231231,钢之炼金术师|钢炼
5bd2f02417d0090062eaf31b,test,十月新番
5bd2f040ee920a0068e9e978,85585,
5bd2d4519f5454006ef5a61c,雄赳赳233,蜡笔小新
5bd2f4539f545400668e4022,测试,十月新番|踩楼活动中奖名单|你命中注定的二次元老婆（老公）是谁
5bd2e2d3ee920a0068e1111f,adfdf,十月新番
5bd2f4859f5454006ef7ca0e,测试,你命中注定的二次元老婆（老公）是谁
5bd2f5330b61600066d66a7b,aaa,踩楼活动中奖名单
5bd2f5770b61600066d66f8c,雄赳赳233,蜡笔小新
5bd2f6d90b61600066d68a3d,aaa,十月新番
5bd5434d44d904005ebe03d6,测试,十月新番|213123
5bd6a78dee920a0068369e8b,123123122,1|踩楼活动中奖名单
5bd548119f54540066ac7027,12312312312,123132
5bd6a81dee920a006836aa7d,12312312312312,测试新图2
5bd6d0fdac502e0061f88e0c,雄赳赳,编辑功能测试|测试新图2|踩楼活动中奖名单
5bd6df1317d00900621e9bb2,雄赳赳233,蜡笔小新
5bd6ea5c0b616000660b11f0,企鹅,企鹅
5bd6f268ee920a00681f12f6,沙漠,初音10th|十月新番|沙漠骆驼
5bd835629f54540066d258d9,分享测试,test
5bd7bd2c0b616000661421bd,水母2222,御坂美琴|231231231|企鹅
5bd832639f54540066d22866,测试,杀杀杀|节操
